Stock_1,Stock_2,Correlation
ADANIENT,ADANIENT,1.0
ADANIENT,ADANIPORTS,0.8828209194009166
ADANIENT,APOLLOHOSP,0.1297398085873236
ADANIENT,ASIANPAINT,0.27981960437721537
ADANIENT,AXISBANK,0.3070818723009845
ADANIENT,BAJAJ-AUTO,0.20486467302304692
ADANIENT,BAJAJFINSV,0.3707952810878762
ADANIENT,BAJFINANCE,0.33981939822721857
ADANIENT,BEL,0.5191278624574339
ADANIENT,BHARTIARTL,0.272361366941602
ADANIENT,BPCL,0.4603583328632267
ADANIENT,BRITANNIA,0.12486324680095742
ADANIENT,CIPLA,0.09059503136824201
ADANIENT,COALINDIA,0.4950392962100841
ADANIENT,DRREDDY,0.17157771819877407
ADANIENT,EICHERMOT,0.322169629808323
ADANIENT,GRASIM,0.33771253470858215
ADANIENT,HCLTECH,0.13291368823665875
ADANIENT,HDFCBANK,0.32507617983510695
ADANIENT,HDFCLIFE,0.2110855564736508
ADANIENT,HEROMOTOCO,0.21194125500045466
ADANIENT,HINDALCO,0.3050511306733019
ADANIENT,HINDUNILVR,-0.009994023306185606
ADANIENT,ICICIBANK,0.39292959245204423
ADANIENT,INDUSINDBK,0.40057972745026693
ADANIENT,INFY,0.09247229457668364
ADANIENT,ITC,0.24956460175898743
ADANIENT,JSWSTEEL,0.4014181093019591
ADANIENT,KOTAKBANK,0.231170949657357
ADANIENT,LT,0.48376961301224963
ADANIENT,M&M,0.3059712896675553
ADANIENT,MARUTI,0.31817978291439303
ADANIENT,NESTLEIND,0.09630040933851912
ADANIENT,NTPC,0.5524042539174407
ADANIENT,ONGC,0.48758894132970676
ADANIENT,POWERGRID,0.4040944904040302
ADANIENT,RELIANCE,0.4856900187763024
ADANIENT,SBILIFE,0.2857722406633147
ADANIENT,SBIN,0.5505904216806069
ADANIENT,SHRIRAMFIN,0.42204631584038965
ADANIENT,SUNPHARMA,0.17603226615142423
ADANIENT,TATACONSUM,0.20511776152284766
ADANIENT,TATAMOTORS,0.331481346939946
ADANIENT,TATASTEEL,0.4271310224811417
ADANIENT,TCS,0.09985583656990787
ADANIENT,TECHM,0.1306593956563009
ADANIENT,TITAN,0.28002188465105876
ADANIENT,TRENT,0.19694304170808868
ADANIENT,ULTRACEMCO,0.3671471279637274
ADANIENT,WIPRO,0.21723584075150768
ADANIPORTS,ADANIENT,0.8828209194009166
ADANIPORTS,ADANIPORTS,1.0
ADANIPORTS,APOLLOHOSP,0.16432369020452559
ADANIPORTS,ASIANPAINT,0.26900471532863235
ADANIPORTS,AXISBANK,0.37943941396958525
ADANIPORTS,BAJAJ-AUTO,0.2105346783646343
ADANIPORTS,BAJAJFINSV,0.4097515861543514
ADANIPORTS,BAJFINANCE,0.4023772466363426
ADANIPORTS,BEL,0.5809140512898008
ADANIPORTS,BHARTIARTL,0.3101011781465372
ADANIPORTS,BPCL,0.5030367149451457
ADANIPORTS,BRITANNIA,0.13005256225797812
ADANIPORTS,CIPLA,0.0899902496143995
ADANIPORTS,COALINDIA,0.5453583583155601
ADANIPORTS,DRREDDY,0.17668606266390882
ADANIPORTS,EICHERMOT,0.27021683535265656
ADANIPORTS,GRASIM,0.35229669966559823
ADANIPORTS,HCLTECH,0.14706887770171334
ADANIPORTS,HDFCBANK,0.37422104562804503
ADANIPORTS,HDFCLIFE,0.23356131913481337
ADANIPORTS,HEROMOTOCO,0.1982209693630749
ADANIPORTS,HINDALCO,0.3322480694250253
ADANIPORTS,HINDUNILVR,0.003914027573748134
ADANIPORTS,ICICIBANK,0.4393589243516036
ADANIPORTS,INDUSINDBK,0.42777887906754786
ADANIPORTS,INFY,0.13838028520739523
ADANIPORTS,ITC,0.2731441749733941
ADANIPORTS,JSWSTEEL,0.42939564778855144
ADANIPORTS,KOTAKBANK,0.2933552857013152
ADANIPORTS,LT,0.5173208660834981
ADANIPORTS,M&M,0.31699684967861624
ADANIPORTS,MARUTI,0.29513157988363475
ADANIPORTS,NESTLEIND,0.09029417910929917
ADANIPORTS,NTPC,0.614574150592417
ADANIPORTS,ONGC,0.5280377787527815
ADANIPORTS,POWERGRID,0.5135072585583129
ADANIPORTS,RELIANCE,0.5159054166366837
ADANIPORTS,SBILIFE,0.27872032003699043
ADANIPORTS,SBIN,0.5791027965813103
ADANIPORTS,SHRIRAMFIN,0.4746082385506535
ADANIPORTS,SUNPHARMA,0.21800087144040192
ADANIPORTS,TATACONSUM,0.21933582319387548
ADANIPORTS,TATAMOTORS,0.3387521472639438
ADANIPORTS,TATASTEEL,0.4618843663256481
ADANIPORTS,TCS,0.12581311424399413
ADANIPORTS,TECHM,0.13686097379126272
ADANIPORTS,TITAN,0.2943412387696406
ADANIPORTS,TRENT,0.20398093810298568
ADANIPORTS,ULTRACEMCO,0.40586733082947546
ADANIPORTS,WIPRO,0.23386993725618205
APOLLOHOSP,ADANIENT,0.1297398085873236
APOLLOHOSP,ADANIPORTS,0.16432369020452559
APOLLOHOSP,APOLLOHOSP,1.0
APOLLOHOSP,ASIANPAINT,0.2502264447742072
APOLLOHOSP,AXISBANK,0.16761077826401932
APOLLOHOSP,BAJAJ-AUTO,0.216653446124515
APOLLOHOSP,BAJAJFINSV,0.24079200112274182
APOLLOHOSP,BAJFINANCE,0.19922368143599087
APOLLOHOSP,BEL,0.21473548605316836
APOLLOHOSP,BHARTIARTL,0.21889866145601722
APOLLOHOSP,BPCL,0.17417741874424492
APOLLOHOSP,BRITANNIA,0.23439745974444623
APOLLOHOSP,CIPLA,0.22017028029313104
APOLLOHOSP,COALINDIA,0.24541794263073602
APOLLOHOSP,DRREDDY,0.23571797138485404
APOLLOHOSP,EICHERMOT,0.28218334955172075
APOLLOHOSP,GRASIM,0.24814309404626736
APOLLOHOSP,HCLTECH,0.27057059900676367
APOLLOHOSP,HDFCBANK,0.101654544800313
APOLLOHOSP,HDFCLIFE,0.1321177257094119
APOLLOHOSP,HEROMOTOCO,0.2417413891038834
APOLLOHOSP,HINDALCO,0.0588524806403706
APOLLOHOSP,HINDUNILVR,0.1099453082331818
APOLLOHOSP,ICICIBANK,0.14785330451573211
APOLLOHOSP,INDUSINDBK,0.11786893412107251
APOLLOHOSP,INFY,0.09953405179279769
APOLLOHOSP,ITC,0.17202618614597004
APOLLOHOSP,JSWSTEEL,0.26806772129686124
APOLLOHOSP,KOTAKBANK,0.1278606328551138
APOLLOHOSP,LT,0.22073660405246728
APOLLOHOSP,M&M,0.2413646468322753
APOLLOHOSP,MARUTI,0.18974508019295733
APOLLOHOSP,NESTLEIND,0.224628428928866
APOLLOHOSP,NTPC,0.1826016242608971
APOLLOHOSP,ONGC,0.16716243513216544
APOLLOHOSP,POWERGRID,0.1772222939619884
APOLLOHOSP,RELIANCE,0.2250957456002831
APOLLOHOSP,SBILIFE,0.15564165093652235
APOLLOHOSP,SBIN,0.16981228507022567
APOLLOHOSP,SHRIRAMFIN,0.2710100287722068
APOLLOHOSP,SUNPHARMA,0.2860279571591975
APOLLOHOSP,TATACONSUM,0.09119015843941519
APOLLOHOSP,TATAMOTORS,0.20405393309036074
APOLLOHOSP,TATASTEEL,0.2556783616355534
APOLLOHOSP,TCS,0.09126879874703198
APOLLOHOSP,TECHM,0.1452534191966699
APOLLOHOSP,TITAN,0.24394191079259442
APOLLOHOSP,TRENT,0.07921428151290028
APOLLOHOSP,ULTRACEMCO,0.2651872727806193
APOLLOHOSP,WIPRO,0.2171245072140621
ASIANPAINT,ADANIENT,0.27981960437721537
ASIANPAINT,ADANIPORTS,0.26900471532863235
ASIANPAINT,APOLLOHOSP,0.2502264447742072
ASIANPAINT,ASIANPAINT,1.0
ASIANPAINT,AXISBANK,0.13810630484681544
ASIANPAINT,BAJAJ-AUTO,0.1607146292899528
ASIANPAINT,BAJAJFINSV,0.2406572327016752
ASIANPAINT,BAJFINANCE,0.28942245294521024
ASIANPAINT,BEL,0.14602696905117954
ASIANPAINT,BHARTIARTL,0.1329084354009707
ASIANPAINT,BPCL,0.21148601928947197
ASIANPAINT,BRITANNIA,0.43263030989432744
ASIANPAINT,CIPLA,0.14686397744560759
ASIANPAINT,COALINDIA,0.18974664150901535
ASIANPAINT,DRREDDY,0.1483721661984969
ASIANPAINT,EICHERMOT,0.2535759072303926
ASIANPAINT,GRASIM,0.33550642937849373
ASIANPAINT,HCLTECH,0.12081878516324868
ASIANPAINT,HDFCBANK,0.24738243003388177
ASIANPAINT,HDFCLIFE,0.19410995909637355
ASIANPAINT,HEROMOTOCO,0.17353686320920875
ASIANPAINT,HINDALCO,0.21253408321519612
ASIANPAINT,HINDUNILVR,0.27337964481484334
ASIANPAINT,ICICIBANK,0.15078865297092928
ASIANPAINT,INDUSINDBK,0.1838291312335772
ASIANPAINT,INFY,0.09201651945133917
ASIANPAINT,ITC,0.2900755196167583
ASIANPAINT,JSWSTEEL,0.3242685951223172
ASIANPAINT,KOTAKBANK,0.15679903431380368
ASIANPAINT,LT,0.2080862218257232
ASIANPAINT,M&M,0.124043193444386
ASIANPAINT,MARUTI,0.2524003181610889
ASIANPAINT,NESTLEIND,0.2671496359426625
ASIANPAINT,NTPC,0.22149675492065632
ASIANPAINT,ONGC,0.12709256161850901
ASIANPAINT,POWERGRID,0.10965383350744382
ASIANPAINT,RELIANCE,0.291506888073075
ASIANPAINT,SBILIFE,0.20606566166459778
ASIANPAINT,SBIN,0.09532806096186378
ASIANPAINT,SHRIRAMFIN,0.21387620726941467
ASIANPAINT,SUNPHARMA,0.21630366265911055
ASIANPAINT,TATACONSUM,0.2464639302954742
ASIANPAINT,TATAMOTORS,0.09850535090194437
ASIANPAINT,TATASTEEL,0.28537975181045816
ASIANPAINT,TCS,0.14634385468023606
ASIANPAINT,TECHM,0.14466090071636878
ASIANPAINT,TITAN,0.2898128801566486
ASIANPAINT,TRENT,0.23693936379364874
ASIANPAINT,ULTRACEMCO,0.2722259392271034
ASIANPAINT,WIPRO,0.131112185222203
AXISBANK,ADANIENT,0.3070818723009845
AXISBANK,ADANIPORTS,0.37943941396958525
AXISBANK,APOLLOHOSP,0.16761077826401932
AXISBANK,ASIANPAINT,0.13810630484681544
AXISBANK,AXISBANK,1.0
AXISBANK,BAJAJ-AUTO,0.1821639443158319
AXISBANK,BAJAJFINSV,0.41963746041357286
AXISBANK,BAJFINANCE,0.36630685752075204
AXISBANK,BEL,0.32630265580132606
AXISBANK,BHARTIARTL,0.2405182485634985
AXISBANK,BPCL,0.2348557279678598
AXISBANK,BRITANNIA,0.13419184562548112
AXISBANK,CIPLA,0.07815616715423727
AXISBANK,COALINDIA,0.32288995554367955
AXISBANK,DRREDDY,0.09037942373826745
AXISBANK,EICHERMOT,0.28859509628944163
AXISBANK,GRASIM,0.3626689512766861
AXISBANK,HCLTECH,0.09444548708264636
AXISBANK,HDFCBANK,0.45191144207957945
AXISBANK,HDFCLIFE,0.2504404226735744
AXISBANK,HEROMOTOCO,0.16110464077402747
AXISBANK,HINDALCO,0.21988995380227697
AXISBANK,HINDUNILVR,0.0141614284806394
AXISBANK,ICICIBANK,0.6491857702719098
AXISBANK,INDUSINDBK,0.34686109896326217
AXISBANK,INFY,0.06222662734887787
AXISBANK,ITC,0.26285525473999216
AXISBANK,JSWSTEEL,0.3590866499095825
AXISBANK,KOTAKBANK,0.30059683749096006
AXISBANK,LT,0.34844460153371226
AXISBANK,M&M,0.23711834327293457
AXISBANK,MARUTI,0.24887695065220886
AXISBANK,NESTLEIND,0.1455864153249618
AXISBANK,NTPC,0.38142368324062037
AXISBANK,ONGC,0.31913702484676243
AXISBANK,POWERGRID,0.29523816900219213
AXISBANK,RELIANCE,0.4334849192114962
AXISBANK,SBILIFE,0.17994023792850486
AXISBANK,SBIN,0.508423512624139
AXISBANK,SHRIRAMFIN,0.42910440863847776
AXISBANK,SUNPHARMA,0.14810699175479805
AXISBANK,TATACONSUM,0.14440302949116945
AXISBANK,TATAMOTORS,0.23825063626228657
AXISBANK,TATASTEEL,0.3630857410477796
AXISBANK,TCS,0.10547940367355862
AXISBANK,TECHM,0.1295695736290648
AXISBANK,TITAN,0.14316508716035428
AXISBANK,TRENT,0.1785857922987433
AXISBANK,ULTRACEMCO,0.40327926659499513
AXISBANK,WIPRO,0.1959476250616662
BAJAJ-AUTO,ADANIENT,0.20486467302304692
BAJAJ-AUTO,ADANIPORTS,0.2105346783646343
BAJAJ-AUTO,APOLLOHOSP,0.216653446124515
BAJAJ-AUTO,ASIANPAINT,0.1607146292899528
BAJAJ-AUTO,AXISBANK,0.1821639443158319
BAJAJ-AUTO,BAJAJ-AUTO,1.0
BAJAJ-AUTO,BAJAJFINSV,0.2337622813401673
BAJAJ-AUTO,BAJFINANCE,0.17639884227319505
BAJAJ-AUTO,BEL,0.23227366096846247
BAJAJ-AUTO,BHARTIARTL,0.2756626352063597
BAJAJ-AUTO,BPCL,0.2144732687208663
BAJAJ-AUTO,BRITANNIA,0.0950178035314902
BAJAJ-AUTO,CIPLA,0.026498806023956045
BAJAJ-AUTO,COALINDIA,0.22756454415349825
BAJAJ-AUTO,DRREDDY,0.10765064038139358
BAJAJ-AUTO,EICHERMOT,0.27321439283478866
BAJAJ-AUTO,GRASIM,0.18572052493477254
BAJAJ-AUTO,HCLTECH,0.12837082054643195
BAJAJ-AUTO,HDFCBANK,0.18493643876658875
BAJAJ-AUTO,HDFCLIFE,0.19046639076163913
BAJAJ-AUTO,HEROMOTOCO,0.3927523259646744
BAJAJ-AUTO,HINDALCO,0.224758742897233
BAJAJ-AUTO,HINDUNILVR,0.13380876663276253
BAJAJ-AUTO,ICICIBANK,0.10896405271894047
BAJAJ-AUTO,INDUSINDBK,0.19384165661280395
BAJAJ-AUTO,INFY,-0.01959008594985801
BAJAJ-AUTO,ITC,0.14008292518819856
BAJAJ-AUTO,JSWSTEEL,0.22120809675284098
BAJAJ-AUTO,KOTAKBANK,0.079766922981694
BAJAJ-AUTO,LT,0.16436463577401725
BAJAJ-AUTO,M&M,0.2745913567054706
BAJAJ-AUTO,MARUTI,0.341942940856545
BAJAJ-AUTO,NESTLEIND,0.15528122795955743
BAJAJ-AUTO,NTPC,0.2019579112578436
BAJAJ-AUTO,ONGC,0.19128963597736173
BAJAJ-AUTO,POWERGRID,0.1719824264975194
BAJAJ-AUTO,RELIANCE,0.25627349611028244
BAJAJ-AUTO,SBILIFE,0.19649264102038633
BAJAJ-AUTO,SBIN,0.1421972959447857
BAJAJ-AUTO,SHRIRAMFIN,0.28960810200274867
BAJAJ-AUTO,SUNPHARMA,0.15882485082460018
BAJAJ-AUTO,TATACONSUM,0.1903302860229272
BAJAJ-AUTO,TATAMOTORS,0.30016542885525854
BAJAJ-AUTO,TATASTEEL,0.2917077000728768
BAJAJ-AUTO,TCS,0.020969456973069497
BAJAJ-AUTO,TECHM,0.03722062621809216
BAJAJ-AUTO,TITAN,0.19137031969372495
BAJAJ-AUTO,TRENT,0.22177724720785982
BAJAJ-AUTO,ULTRACEMCO,0.2407457766964605
BAJAJ-AUTO,WIPRO,0.11744982974709875
BAJAJFINSV,ADANIENT,0.3707952810878762
BAJAJFINSV,ADANIPORTS,0.4097515861543514
BAJAJFINSV,APOLLOHOSP,0.24079200112274182
BAJAJFINSV,ASIANPAINT,0.2406572327016752
BAJAJFINSV,AXISBANK,0.41963746041357286
BAJAJFINSV,BAJAJ-AUTO,0.2337622813401673
BAJAJFINSV,BAJAJFINSV,1.0
BAJAJFINSV,BAJFINANCE,0.7391212892505367
BAJAJFINSV,BEL,0.35297628848859414
BAJAJFINSV,BHARTIARTL,0.26246271196900167
BAJAJFINSV,BPCL,0.3495158066882954
BAJAJFINSV,BRITANNIA,0.23363677073202435
BAJAJFINSV,CIPLA,0.14035453119442035
BAJAJFINSV,COALINDIA,0.28666214567300896
BAJAJFINSV,DRREDDY,0.270850145476904
BAJAJFINSV,EICHERMOT,0.24710828491929723
BAJAJFINSV,GRASIM,0.43996363178843867
BAJAJFINSV,HCLTECH,0.27799836184665205
BAJAJFINSV,HDFCBANK,0.32443349297519253
BAJAJFINSV,HDFCLIFE,0.33613876806899495
BAJAJFINSV,HEROMOTOCO,0.2290401608575712
BAJAJFINSV,HINDALCO,0.2985560546297874
BAJAJFINSV,HINDUNILVR,0.1615426758894457
BAJAJFINSV,ICICIBANK,0.4226755921007529
BAJAJFINSV,INDUSINDBK,0.4199323252090004
BAJAJFINSV,INFY,0.24179959202373072
BAJAJFINSV,ITC,0.3008237012968352
BAJAJFINSV,JSWSTEEL,0.44284959229790216
BAJAJFINSV,KOTAKBANK,0.25928902381343827
BAJAJFINSV,LT,0.40741075061253285
BAJAJFINSV,M&M,0.33493189332119694
BAJAJFINSV,MARUTI,0.317498031162519
BAJAJFINSV,NESTLEIND,0.28459567883209985
BAJAJFINSV,NTPC,0.3959023496200001
BAJAJFINSV,ONGC,0.31914640273363054
BAJAJFINSV,POWERGRID,0.31551041699735016
BAJAJFINSV,RELIANCE,0.41583481969813785
BAJAJFINSV,SBILIFE,0.4152005735311482
BAJAJFINSV,SBIN,0.4243061067129162
BAJAJFINSV,SHRIRAMFIN,0.48625870279506256
BAJAJFINSV,SUNPHARMA,0.20537712816381024
BAJAJFINSV,TATACONSUM,0.28684149685270205
BAJAJFINSV,TATAMOTORS,0.2802459605327492
BAJAJFINSV,TATASTEEL,0.46827161526205946
BAJAJFINSV,TCS,0.22640838177797504
BAJAJFINSV,TECHM,0.1857367078665075
BAJAJFINSV,TITAN,0.2909673417647296
BAJAJFINSV,TRENT,0.20269426353052214
BAJAJFINSV,ULTRACEMCO,0.4779542919999371
BAJAJFINSV,WIPRO,0.3152220046582632
BAJFINANCE,ADANIENT,0.33981939822721857
BAJFINANCE,ADANIPORTS,0.4023772466363426
BAJFINANCE,APOLLOHOSP,0.19922368143599087
BAJFINANCE,ASIANPAINT,0.28942245294521024
BAJFINANCE,AXISBANK,0.36630685752075204
BAJFINANCE,BAJAJ-AUTO,0.17639884227319505
BAJFINANCE,BAJAJFINSV,0.7391212892505367
BAJFINANCE,BAJFINANCE,1.0
BAJFINANCE,BEL,0.30842447986725613
BAJFINANCE,BHARTIARTL,0.28451874004161387
BAJFINANCE,BPCL,0.2677036112876883
BAJFINANCE,BRITANNIA,0.21223075114197118
BAJFINANCE,CIPLA,0.04944615809726145
BAJFINANCE,COALINDIA,0.2841991104457399
BAJFINANCE,DRREDDY,0.08972627897318117
BAJFINANCE,EICHERMOT,0.18254853193345189
BAJFINANCE,GRASIM,0.3653319488265178
BAJFINANCE,HCLTECH,0.18005003195847122
BAJFINANCE,HDFCBANK,0.32830491078816576
BAJFINANCE,HDFCLIFE,0.29693394321323663
BAJFINANCE,HEROMOTOCO,0.15925486992352303
BAJFINANCE,HINDALCO,0.25662767287672805
BAJFINANCE,HINDUNILVR,0.13798641785540144
BAJFINANCE,ICICIBANK,0.34071494219044
BAJFINANCE,INDUSINDBK,0.40772456942634244
BAJFINANCE,INFY,0.1850145071337831
BAJFINANCE,ITC,0.29905259356928054
BAJFINANCE,JSWSTEEL,0.3822030401534953
BAJFINANCE,KOTAKBANK,0.30570945052845494
BAJFINANCE,LT,0.37798754624059744
BAJFINANCE,M&M,0.2517156829800467
BAJFINANCE,MARUTI,0.2743873762619714
BAJFINANCE,NESTLEIND,0.24998539518626992
BAJFINANCE,NTPC,0.324073027582716
BAJFINANCE,ONGC,0.32111742980318697
BAJFINANCE,POWERGRID,0.24546545149653112
BAJFINANCE,RELIANCE,0.4114936839140572
BAJFINANCE,SBILIFE,0.3417086712991058
BAJFINANCE,SBIN,0.39427295781605304
BAJFINANCE,SHRIRAMFIN,0.45983982990992334
BAJFINANCE,SUNPHARMA,0.1290154331050417
BAJFINANCE,TATACONSUM,0.22468738986632789
BAJFINANCE,TATAMOTORS,0.21025447523599758
BAJFINANCE,TATASTEEL,0.3856340016790019
BAJFINANCE,TCS,0.1653059697592395
BAJFINANCE,TECHM,0.14806928749802792
BAJFINANCE,TITAN,0.23802161814163977
BAJFINANCE,TRENT,0.23065729088421996
BAJFINANCE,ULTRACEMCO,0.4446051379555671
BAJFINANCE,WIPRO,0.23435990733742224
BEL,ADANIENT,0.5191278624574339
BEL,ADANIPORTS,0.5809140512898008
BEL,APOLLOHOSP,0.21473548605316836
BEL,ASIANPAINT,0.14602696905117954
BEL,AXISBANK,0.32630265580132606
BEL,BAJAJ-AUTO,0.23227366096846247
BEL,BAJAJFINSV,0.35297628848859414
BEL,BAJFINANCE,0.30842447986725613
BEL,BEL,1.0
BEL,BHARTIARTL,0.3012746672546309
BEL,BPCL,0.5092250792142589
BEL,BRITANNIA,0.06909068607800407
BEL,CIPLA,0.07717630417892594
BEL,COALINDIA,0.619787469267455
BEL,DRREDDY,0.137295555519055
BEL,EICHERMOT,0.278777340578311
BEL,GRASIM,0.33409323191787255
BEL,HCLTECH,0.2155768369594636
BEL,HDFCBANK,0.3273658151151542
BEL,HDFCLIFE,0.23841581437993642
BEL,HEROMOTOCO,0.08181254625503
BEL,HINDALCO,0.371556759303925
BEL,HINDUNILVR,-0.06364652745434793
BEL,ICICIBANK,0.306355120655395
BEL,INDUSINDBK,0.31677675655435017
BEL,INFY,0.14978251403805212
BEL,ITC,0.22341993306630162
BEL,JSWSTEEL,0.45247487591397706
BEL,KOTAKBANK,0.25848632349767153
BEL,LT,0.5933357083888607
BEL,M&M,0.36622718771782337
BEL,MARUTI,0.21549715415435688
BEL,NESTLEIND,0.060399759637194184
BEL,NTPC,0.6120331963578772
BEL,ONGC,0.5763062283600947
BEL,POWERGRID,0.5434175658418805
BEL,RELIANCE,0.4957290070407343
BEL,SBILIFE,0.20497910767149116
BEL,SBIN,0.5757216920128632
BEL,SHRIRAMFIN,0.47163887094757306
BEL,SUNPHARMA,0.16573001691555292
BEL,TATACONSUM,0.1737372883956756
BEL,TATAMOTORS,0.3683149386940777
BEL,TATASTEEL,0.5179502049697191
BEL,TCS,0.11854940748608389
BEL,TECHM,0.21133629478003144
BEL,TITAN,0.15425004891899793
BEL,TRENT,0.26700389343915754
BEL,ULTRACEMCO,0.44520790264030996
BEL,WIPRO,0.25371282514585225
BHARTIARTL,ADANIENT,0.272361366941602
BHARTIARTL,ADANIPORTS,0.3101011781465372
BHARTIARTL,APOLLOHOSP,0.21889866145601722
BHARTIARTL,ASIANPAINT,0.1329084354009707
BHARTIARTL,AXISBANK,0.2405182485634985
BHARTIARTL,BAJAJ-AUTO,0.2756626352063597
BHARTIARTL,BAJAJFINSV,0.26246271196900167
BHARTIARTL,BAJFINANCE,0.28451874004161387
BHARTIARTL,BEL,0.3012746672546309
BHARTIARTL,BHARTIARTL,1.0
BHARTIARTL,BPCL,0.264345083799381
BHARTIARTL,BRITANNIA,0.1188294064385168
BHARTIARTL,CIPLA,0.10993035304154426
BHARTIARTL,COALINDIA,0.25578104973208665
BHARTIARTL,DRREDDY,0.17873792270067057
BHARTIARTL,EICHERMOT,0.28475872841984795
BHARTIARTL,GRASIM,0.2873395126405348
BHARTIARTL,HCLTECH,0.2592188278566441
BHARTIARTL,HDFCBANK,0.1946789144193491
BHARTIARTL,HDFCLIFE,0.20689147850735506
BHARTIARTL,HEROMOTOCO,0.18579616658132828
BHARTIARTL,HINDALCO,0.29248033391714207
BHARTIARTL,HINDUNILVR,0.15870112148727966
BHARTIARTL,ICICIBANK,0.3507693919865064
BHARTIARTL,INDUSINDBK,0.23406489964316513
BHARTIARTL,INFY,0.2740190017303317
BHARTIARTL,ITC,0.26326928026175644
BHARTIARTL,JSWSTEEL,0.3612374329649645
BHARTIARTL,KOTAKBANK,0.3037382927388365
BHARTIARTL,LT,0.31858061810145294
BHARTIARTL,M&M,0.2812063753155073
BHARTIARTL,MARUTI,0.3497672077620299
BHARTIARTL,NESTLEIND,0.09870119615891905
BHARTIARTL,NTPC,0.36609187828041523
BHARTIARTL,ONGC,0.3407923994849829
BHARTIARTL,POWERGRID,0.3132016138486968
BHARTIARTL,RELIANCE,0.35391969169429843
BHARTIARTL,SBILIFE,0.23518201423593074
BHARTIARTL,SBIN,0.2850453942045715
BHARTIARTL,SHRIRAMFIN,0.3524415502317674
BHARTIARTL,SUNPHARMA,0.25990654540613684
BHARTIARTL,TATACONSUM,0.2502107819510715
BHARTIARTL,TATAMOTORS,0.26292912759769055
BHARTIARTL,TATASTEEL,0.30945824630908964
BHARTIARTL,TCS,0.17881853510051499
BHARTIARTL,TECHM,0.254081551722038
BHARTIARTL,TITAN,0.27968411294010287
BHARTIARTL,TRENT,0.26115608120855033
BHARTIARTL,ULTRACEMCO,0.3561888579415615
BHARTIARTL,WIPRO,0.24833223515647093
BPCL,ADANIENT,0.4603583328632267
BPCL,ADANIPORTS,0.5030367149451457
BPCL,APOLLOHOSP,0.17417741874424492
BPCL,ASIANPAINT,0.21148601928947197
BPCL,AXISBANK,0.2348557279678598
BPCL,BAJAJ-AUTO,0.2144732687208663
BPCL,BAJAJFINSV,0.3495158066882954
BPCL,BAJFINANCE,0.2677036112876883
BPCL,BEL,0.5092250792142589
BPCL,BHARTIARTL,0.264345083799381
BPCL,BPCL,1.0
BPCL,BRITANNIA,0.022066517978253628
BPCL,CIPLA,0.056320745477894375
BPCL,COALINDIA,0.6227334577860314
BPCL,DRREDDY,0.19029820776470058
BPCL,EICHERMOT,0.2500141411126325
BPCL,GRASIM,0.3409161201049214
BPCL,HCLTECH,0.15189801132986294
BPCL,HDFCBANK,0.2233327089447821
BPCL,HDFCLIFE,0.16760909406567462
BPCL,HEROMOTOCO,0.22068388853589666
BPCL,HINDALCO,0.34712241930111093
BPCL,HINDUNILVR,-0.006538004643487005
BPCL,ICICIBANK,0.21863328821667652
BPCL,INDUSINDBK,0.3643389457813341
BPCL,INFY,0.12746311777100253
BPCL,ITC,0.17475552558190716
BPCL,JSWSTEEL,0.36694667003464976
BPCL,KOTAKBANK,0.1492214278444633
BPCL,LT,0.4720863269398955
BPCL,M&M,0.281718686790063
BPCL,MARUTI,0.29849876190052643
BPCL,NESTLEIND,0.05596991787670819
BPCL,NTPC,0.6055148912661569
BPCL,ONGC,0.6014442063590917
BPCL,POWERGRID,0.5350605920068896
BPCL,RELIANCE,0.47668198495187347
BPCL,SBILIFE,0.24000178012013443
BPCL,SBIN,0.5293805240203949
BPCL,SHRIRAMFIN,0.4069219722091514
BPCL,SUNPHARMA,0.2051696905879874
BPCL,TATACONSUM,0.1563397552399824
BPCL,TATAMOTORS,0.43862764515321223
BPCL,TATASTEEL,0.4705152658616929
BPCL,TCS,0.1823516218541681
BPCL,TECHM,0.20072140592371798
BPCL,TITAN,0.2686971160864237
BPCL,TRENT,0.21638414112607968
BPCL,ULTRACEMCO,0.39597771967276574
BPCL,WIPRO,0.21251992006447815
BRITANNIA,ADANIENT,0.12486324680095742
BRITANNIA,ADANIPORTS,0.13005256225797812
BRITANNIA,APOLLOHOSP,0.23439745974444623
BRITANNIA,ASIANPAINT,0.43263030989432744
BRITANNIA,AXISBANK,0.13419184562548112
BRITANNIA,BAJAJ-AUTO,0.0950178035314902
BRITANNIA,BAJAJFINSV,0.23363677073202435
BRITANNIA,BAJFINANCE,0.21223075114197118
BRITANNIA,BEL,0.06909068607800407
BRITANNIA,BHARTIARTL,0.1188294064385168
BRITANNIA,BPCL,0.022066517978253628
BRITANNIA,BRITANNIA,1.0
BRITANNIA,CIPLA,0.1526090674423139
BRITANNIA,COALINDIA,0.07115775009340324
BRITANNIA,DRREDDY,0.1850000577704872
BRITANNIA,EICHERMOT,0.09464028363622108
BRITANNIA,GRASIM,0.21869735016362304
BRITANNIA,HCLTECH,0.1144456785386343
BRITANNIA,HDFCBANK,0.06384393053747188
BRITANNIA,HDFCLIFE,-0.007090332371401063
BRITANNIA,HEROMOTOCO,0.18006552570553905
BRITANNIA,HINDALCO,0.0998417442344962
BRITANNIA,HINDUNILVR,0.46921686714220556
BRITANNIA,ICICIBANK,0.04665869829722958
BRITANNIA,INDUSINDBK,0.12118537520026558
BRITANNIA,INFY,0.10157808728422336
BRITANNIA,ITC,0.37781739363212646
BRITANNIA,JSWSTEEL,0.19099264616766468
BRITANNIA,KOTAKBANK,0.228447688561429
BRITANNIA,LT,0.08998667903807306
BRITANNIA,M&M,0.1187348854972534
BRITANNIA,MARUTI,0.1673568427533173
BRITANNIA,NESTLEIND,0.4836933825544486
BRITANNIA,NTPC,0.07578813664167926
BRITANNIA,ONGC,0.03891755282603914
BRITANNIA,POWERGRID,-0.03354306910183781
BRITANNIA,RELIANCE,0.13628676217501418
BRITANNIA,SBILIFE,0.09358637150538769
BRITANNIA,SBIN,-0.0032990252646732223
BRITANNIA,SHRIRAMFIN,0.11945787173939885
BRITANNIA,SUNPHARMA,0.18950082794759573
BRITANNIA,TATACONSUM,0.4120245477349835
BRITANNIA,TATAMOTORS,0.10033268106831629
BRITANNIA,TATASTEEL,0.11140673469486322
BRITANNIA,TCS,0.11460504593917598
BRITANNIA,TECHM,0.12880550791824708
BRITANNIA,TITAN,0.07085044579028398
BRITANNIA,TRENT,0.034782783179312306
BRITANNIA,ULTRACEMCO,0.1890080849952887
BRITANNIA,WIPRO,0.163832766639781
CIPLA,ADANIENT,0.09059503136824201
CIPLA,ADANIPORTS,0.0899902496143995
CIPLA,APOLLOHOSP,0.22017028029313104
CIPLA,ASIANPAINT,0.14686397744560759
CIPLA,AXISBANK,0.07815616715423727
CIPLA,BAJAJ-AUTO,0.026498806023956045
CIPLA,BAJAJFINSV,0.14035453119442035
CIPLA,BAJFINANCE,0.04944615809726145
CIPLA,BEL,0.07717630417892594
CIPLA,BHARTIARTL,0.10993035304154426
CIPLA,BPCL,0.056320745477894375
CIPLA,BRITANNIA,0.1526090674423139
CIPLA,CIPLA,1.0
CIPLA,COALINDIA,0.0870215449431625
CIPLA,DRREDDY,0.4089684976290123
CIPLA,EICHERMOT,0.07594331774405037
CIPLA,GRASIM,0.15289370717180328
CIPLA,HCLTECH,0.040522617447426905
CIPLA,HDFCBANK,-0.0326463426690919
CIPLA,HDFCLIFE,0.07193206467594117
CIPLA,HEROMOTOCO,0.13526392707315257
CIPLA,HINDALCO,0.09264031607839032
CIPLA,HINDUNILVR,0.03523194739946304
CIPLA,ICICIBANK,0.07794604340064627
CIPLA,INDUSINDBK,0.032601661446179216
CIPLA,INFY,0.05104147384714671
CIPLA,ITC,0.12177648467972638
CIPLA,JSWSTEEL,0.1581711833705543
CIPLA,KOTAKBANK,0.033212875540635706
CIPLA,LT,0.14786199557859508
CIPLA,M&M,0.18025464552857193
CIPLA,MARUTI,0.07251315856959743
CIPLA,NESTLEIND,0.10897842552205715
CIPLA,NTPC,0.08719922067450377
CIPLA,ONGC,0.024103832336953963
CIPLA,POWERGRID,0.12455729784630412
CIPLA,RELIANCE,0.04689631748040636
CIPLA,SBILIFE,0.11697992993876352
CIPLA,SBIN,0.015179931935832263
CIPLA,SHRIRAMFIN,0.0790984841532652
CIPLA,SUNPHARMA,0.417541343476436
CIPLA,TATACONSUM,0.07337616180723276
CIPLA,TATAMOTORS,0.04697497784810307
CIPLA,TATASTEEL,0.13100749793364683
CIPLA,TCS,0.07668274534743684
CIPLA,TECHM,0.04027575589675137
CIPLA,TITAN,0.09991088504474183
CIPLA,TRENT,0.12705410060339253
CIPLA,ULTRACEMCO,0.11142357682262743
CIPLA,WIPRO,0.08206685037926997
COALINDIA,ADANIENT,0.4950392962100841
COALINDIA,ADANIPORTS,0.5453583583155601
COALINDIA,APOLLOHOSP,0.24541794263073602
COALINDIA,ASIANPAINT,0.18974664150901535
COALINDIA,AXISBANK,0.32288995554367955
COALINDIA,BAJAJ-AUTO,0.22756454415349825
COALINDIA,BAJAJFINSV,0.28666214567300896
COALINDIA,BAJFINANCE,0.2841991104457399
COALINDIA,BEL,0.619787469267455
COALINDIA,BHARTIARTL,0.25578104973208665
COALINDIA,BPCL,0.6227334577860314
COALINDIA,BRITANNIA,0.07115775009340324
COALINDIA,CIPLA,0.0870215449431625
COALINDIA,COALINDIA,1.0
COALINDIA,DRREDDY,0.18524194321846385
COALINDIA,EICHERMOT,0.2957268497789388
COALINDIA,GRASIM,0.27457094110988756
COALINDIA,HCLTECH,0.17398424049237932
COALINDIA,HDFCBANK,0.2688014669972628
COALINDIA,HDFCLIFE,0.2004333783099951
COALINDIA,HEROMOTOCO,0.257750626086394
COALINDIA,HINDALCO,0.3817327672867921
COALINDIA,HINDUNILVR,-0.04289178100805089
COALINDIA,ICICIBANK,0.2420388500984924
COALINDIA,INDUSINDBK,0.35550127931894654
COALINDIA,INFY,0.10949202125424067
COALINDIA,ITC,0.2417914841600243
COALINDIA,JSWSTEEL,0.4282612912715851
COALINDIA,KOTAKBANK,0.21545684006949795
COALINDIA,LT,0.49459222158361865
COALINDIA,M&M,0.28574661703930815
COALINDIA,MARUTI,0.25984807903231694
COALINDIA,NESTLEIND,0.07987509586959746
COALINDIA,NTPC,0.6245166231948235
COALINDIA,ONGC,0.6541883341941099
COALINDIA,POWERGRID,0.5343122223449621
COALINDIA,RELIANCE,0.5127272808792898
COALINDIA,SBILIFE,0.24167148748442988
COALINDIA,SBIN,0.5144503324071924
COALINDIA,SHRIRAMFIN,0.4252363849032729
COALINDIA,SUNPHARMA,0.18171809995173438
COALINDIA,TATACONSUM,0.2058070687151045
COALINDIA,TATAMOTORS,0.40668575759298864
COALINDIA,TATASTEEL,0.5309883724141503
COALINDIA,TCS,0.09537391352693222
COALINDIA,TECHM,0.17226349768630742
COALINDIA,TITAN,0.2375606495022809
COALINDIA,TRENT,0.26671275024755237
COALINDIA,ULTRACEMCO,0.32923529667402324
COALINDIA,WIPRO,0.23454382249835498
DRREDDY,ADANIENT,0.17157771819877407
DRREDDY,ADANIPORTS,0.17668606266390882
DRREDDY,APOLLOHOSP,0.23571797138485404
DRREDDY,ASIANPAINT,0.1483721661984969
DRREDDY,AXISBANK,0.09037942373826745
DRREDDY,BAJAJ-AUTO,0.10765064038139358
DRREDDY,BAJAJFINSV,0.270850145476904
DRREDDY,BAJFINANCE,0.08972627897318117
DRREDDY,BEL,0.137295555519055
DRREDDY,BHARTIARTL,0.17873792270067057
DRREDDY,BPCL,0.19029820776470058
DRREDDY,BRITANNIA,0.1850000577704872
DRREDDY,CIPLA,0.4089684976290123
DRREDDY,COALINDIA,0.18524194321846385
DRREDDY,DRREDDY,1.0
DRREDDY,EICHERMOT,0.1338791381307849
DRREDDY,GRASIM,0.2509921842538966
DRREDDY,HCLTECH,0.24578800641126977
DRREDDY,HDFCBANK,0.1464677042394126
DRREDDY,HDFCLIFE,0.11487322256952372
DRREDDY,HEROMOTOCO,0.14057107319004827
DRREDDY,HINDALCO,0.2034517564658357
DRREDDY,HINDUNILVR,0.1630975540194655
DRREDDY,ICICIBANK,0.03615163911135118
DRREDDY,INDUSINDBK,0.10485995435547675
DRREDDY,INFY,0.23855539294209432
DRREDDY,ITC,0.17900911905407957
DRREDDY,JSWSTEEL,0.24025554959686446
DRREDDY,KOTAKBANK,-0.05392698176727125
DRREDDY,LT,0.12439957799634568
DRREDDY,M&M,0.22567639106777107
DRREDDY,MARUTI,0.13507648893580837
DRREDDY,NESTLEIND,0.2475846314340498
DRREDDY,NTPC,0.21207591091106007
DRREDDY,ONGC,0.18494202515715205
DRREDDY,POWERGRID,0.1908651786002457
DRREDDY,RELIANCE,0.16909408519561991
DRREDDY,SBILIFE,0.20228699339814998
DRREDDY,SBIN,0.13888991812258436
DRREDDY,SHRIRAMFIN,0.15012375679214673
DRREDDY,SUNPHARMA,0.4105551654366435
DRREDDY,TATACONSUM,0.12386031335615975
DRREDDY,TATAMOTORS,0.20593635881819466
DRREDDY,TATASTEEL,0.2047112428035664
DRREDDY,TCS,0.23449591740341824
DRREDDY,TECHM,0.21450355123750353
DRREDDY,TITAN,0.13442424502443379
DRREDDY,TRENT,0.17647350689606325
DRREDDY,ULTRACEMCO,0.2625529478894133
DRREDDY,WIPRO,0.27374043935350884
EICHERMOT,ADANIENT,0.322169629808323
EICHERMOT,ADANIPORTS,0.27021683535265656
EICHERMOT,APOLLOHOSP,0.28218334955172075
EICHERMOT,ASIANPAINT,0.2535759072303926
EICHERMOT,AXISBANK,0.28859509628944163
EICHERMOT,BAJAJ-AUTO,0.27321439283478866
EICHERMOT,BAJAJFINSV,0.24710828491929723
EICHERMOT,BAJFINANCE,0.18254853193345189
EICHERMOT,BEL,0.278777340578311
EICHERMOT,BHARTIARTL,0.28475872841984795
EICHERMOT,BPCL,0.2500141411126325
EICHERMOT,BRITANNIA,0.09464028363622108
EICHERMOT,CIPLA,0.07594331774405037
EICHERMOT,COALINDIA,0.2957268497789388
EICHERMOT,DRREDDY,0.1338791381307849
EICHERMOT,EICHERMOT,1.0
EICHERMOT,GRASIM,0.3807688286377993
EICHERMOT,HCLTECH,0.174912707921117
EICHERMOT,HDFCBANK,0.27615634440351505
EICHERMOT,HDFCLIFE,0.23700861899341966
EICHERMOT,HEROMOTOCO,0.267665716646473
EICHERMOT,HINDALCO,0.281071430673754
EICHERMOT,HINDUNILVR,0.11191232695161192
EICHERMOT,ICICIBANK,0.3481512561817977
EICHERMOT,INDUSINDBK,0.2735027967615372
EICHERMOT,INFY,0.10866262688410556
EICHERMOT,ITC,0.26109286125601355
EICHERMOT,JSWSTEEL,0.3281004741521717
EICHERMOT,KOTAKBANK,0.24049280140016713
EICHERMOT,LT,0.3316854338351199
EICHERMOT,M&M,0.3477052284016496
EICHERMOT,MARUTI,0.3910558410641431
EICHERMOT,NESTLEIND,0.12171358061853388
EICHERMOT,NTPC,0.2685838473259689
EICHERMOT,ONGC,0.2378941203165106
EICHERMOT,POWERGRID,0.21413995607084757
EICHERMOT,RELIANCE,0.3318721363366153
EICHERMOT,SBILIFE,0.3299361318691299
EICHERMOT,SBIN,0.3147381698153241
EICHERMOT,SHRIRAMFIN,0.3636210969583936
EICHERMOT,SUNPHARMA,0.17170304391732705
EICHERMOT,TATACONSUM,0.17835264617592164
EICHERMOT,TATAMOTORS,0.3150079176886855
EICHERMOT,TATASTEEL,0.3175748660214547
EICHERMOT,TCS,0.13463461090365522
EICHERMOT,TECHM,0.18424840551339752
EICHERMOT,TITAN,0.2677729685208449
EICHERMOT,TRENT,0.23665777253640635
EICHERMOT,ULTRACEMCO,0.31413319643477694
EICHERMOT,WIPRO,0.2551733669750338
GRASIM,ADANIENT,0.33771253470858215
GRASIM,ADANIPORTS,0.35229669966559823
GRASIM,APOLLOHOSP,0.24814309404626736
GRASIM,ASIANPAINT,0.33550642937849373
GRASIM,AXISBANK,0.3626689512766861
GRASIM,BAJAJ-AUTO,0.18572052493477254
GRASIM,BAJAJFINSV,0.43996363178843867
GRASIM,BAJFINANCE,0.3653319488265178
GRASIM,BEL,0.33409323191787255
GRASIM,BHARTIARTL,0.2873395126405348
GRASIM,BPCL,0.3409161201049214
GRASIM,BRITANNIA,0.21869735016362304
GRASIM,CIPLA,0.15289370717180328
GRASIM,COALINDIA,0.27457094110988756
GRASIM,DRREDDY,0.2509921842538966
GRASIM,EICHERMOT,0.3807688286377993
GRASIM,GRASIM,1.0
GRASIM,HCLTECH,0.16716598056077722
GRASIM,HDFCBANK,0.28986873345915565
GRASIM,HDFCLIFE,0.24182223158212576
GRASIM,HEROMOTOCO,0.26086953229370846
GRASIM,HINDALCO,0.43223402227873076
GRASIM,HINDUNILVR,0.15987466613982013
GRASIM,ICICIBANK,0.40003394517562585
GRASIM,INDUSINDBK,0.3439770660397042
GRASIM,INFY,0.17279899258195253
GRASIM,ITC,0.26538158982466653
GRASIM,JSWSTEEL,0.4952819120322438
GRASIM,KOTAKBANK,0.23191596664394976
GRASIM,LT,0.34378548846003626
GRASIM,M&M,0.30299605031290605
GRASIM,MARUTI,0.2871946775932643
GRASIM,NESTLEIND,0.2703671650211859
GRASIM,NTPC,0.3931893749312954
GRASIM,ONGC,0.32738358866290534
GRASIM,POWERGRID,0.35633022047599217
GRASIM,RELIANCE,0.39191074395777314
GRASIM,SBILIFE,0.23539466112352556
GRASIM,SBIN,0.42745540727445835
GRASIM,SHRIRAMFIN,0.3619397720082304
GRASIM,SUNPHARMA,0.22102019327950545
GRASIM,TATACONSUM,0.28367796921516164
GRASIM,TATAMOTORS,0.341549373450749
GRASIM,TATASTEEL,0.462222875649228
GRASIM,TCS,0.18179050004915873
GRASIM,TECHM,0.16133165536844643
GRASIM,TITAN,0.3598266405127468
GRASIM,TRENT,0.23865322364741462
GRASIM,ULTRACEMCO,0.5783327003391516
GRASIM,WIPRO,0.22770762354038285
HCLTECH,ADANIENT,0.13291368823665875
HCLTECH,ADANIPORTS,0.14706887770171334
HCLTECH,APOLLOHOSP,0.27057059900676367
HCLTECH,ASIANPAINT,0.12081878516324868
HCLTECH,AXISBANK,0.09444548708264636
HCLTECH,BAJAJ-AUTO,0.12837082054643195
HCLTECH,BAJAJFINSV,0.27799836184665205
HCLTECH,BAJFINANCE,0.18005003195847122
HCLTECH,BEL,0.2155768369594636
HCLTECH,BHARTIARTL,0.2592188278566441
HCLTECH,BPCL,0.15189801132986294
HCLTECH,BRITANNIA,0.1144456785386343
HCLTECH,CIPLA,0.040522617447426905
HCLTECH,COALINDIA,0.17398424049237932
HCLTECH,DRREDDY,0.24578800641126977
HCLTECH,EICHERMOT,0.174912707921117
HCLTECH,GRASIM,0.16716598056077722
HCLTECH,HCLTECH,1.0
HCLTECH,HDFCBANK,0.051245910966142345
HCLTECH,HDFCLIFE,0.12167271386095502
HCLTECH,HEROMOTOCO,0.1407008963644878
HCLTECH,HINDALCO,0.2571965572830436
HCLTECH,HINDUNILVR,0.12167023692025954
HCLTECH,ICICIBANK,0.10775749981171699
HCLTECH,INDUSINDBK,0.10891269434413564
HCLTECH,INFY,0.7109673170328521
HCLTECH,ITC,0.18311428108573838
HCLTECH,JSWSTEEL,0.254360194310943
HCLTECH,KOTAKBANK,0.11921342822888746
HCLTECH,LT,0.2192988513474494
HCLTECH,M&M,0.21331748550045956
HCLTECH,MARUTI,0.2067169634177907
HCLTECH,NESTLEIND,0.08956971299236124
HCLTECH,NTPC,0.15234237758671157
HCLTECH,ONGC,0.2195297699397969
HCLTECH,POWERGRID,0.10726619780925416
HCLTECH,RELIANCE,0.28175396535047226
HCLTECH,SBILIFE,0.20421108171980673
HCLTECH,SBIN,0.21061908281229766
HCLTECH,SHRIRAMFIN,0.21623728101315925
HCLTECH,SUNPHARMA,0.16403597385004307
HCLTECH,TATACONSUM,0.19627140483021494
HCLTECH,TATAMOTORS,0.2528026225293107
HCLTECH,TATASTEEL,0.26986525090483804
HCLTECH,TCS,0.6410155709903059
HCLTECH,TECHM,0.5567052579213784
HCLTECH,TITAN,0.19823504393651667
HCLTECH,TRENT,0.1985647348209641
HCLTECH,ULTRACEMCO,0.21846012445165588
HCLTECH,WIPRO,0.6040199240902965
HDFCBANK,ADANIENT,0.32507617983510695
HDFCBANK,ADANIPORTS,0.37422104562804503
HDFCBANK,APOLLOHOSP,0.101654544800313
HDFCBANK,ASIANPAINT,0.24738243003388177
HDFCBANK,AXISBANK,0.45191144207957945
HDFCBANK,BAJAJ-AUTO,0.18493643876658875
HDFCBANK,BAJAJFINSV,0.32443349297519253
HDFCBANK,BAJFINANCE,0.32830491078816576
HDFCBANK,BEL,0.3273658151151542
HDFCBANK,BHARTIARTL,0.1946789144193491
HDFCBANK,BPCL,0.2233327089447821
HDFCBANK,BRITANNIA,0.06384393053747188
HDFCBANK,CIPLA,-0.0326463426690919
HDFCBANK,COALINDIA,0.2688014669972628
HDFCBANK,DRREDDY,0.1464677042394126
HDFCBANK,EICHERMOT,0.27615634440351505
HDFCBANK,GRASIM,0.28986873345915565
HDFCBANK,HCLTECH,0.051245910966142345
HDFCBANK,HDFCBANK,1.0
HDFCBANK,HDFCLIFE,0.21461593194553444
HDFCBANK,HEROMOTOCO,0.09759970606205395
HDFCBANK,HINDALCO,0.2622305661314269
HDFCBANK,HINDUNILVR,0.0744271674954607
HDFCBANK,ICICIBANK,0.4295762054461198
HDFCBANK,INDUSINDBK,0.37978949750261365
HDFCBANK,INFY,0.09552596608554395
HDFCBANK,ITC,0.17067057229623592
HDFCBANK,JSWSTEEL,0.36601018960396126
HDFCBANK,KOTAKBANK,0.413422057692391
HDFCBANK,LT,0.34487222644489474
HDFCBANK,M&M,0.32377417091018984
HDFCBANK,MARUTI,0.24267476538857577
HDFCBANK,NESTLEIND,0.05948152928700071
HDFCBANK,NTPC,0.34143545316464935
HDFCBANK,ONGC,0.2784685683532067
HDFCBANK,POWERGRID,0.3152331308875643
HDFCBANK,RELIANCE,0.29806871036181787
HDFCBANK,SBILIFE,0.21212573900574516
HDFCBANK,SBIN,0.3589529166828686
HDFCBANK,SHRIRAMFIN,0.34730474727737637
HDFCBANK,SUNPHARMA,0.0669816619917574
HDFCBANK,TATACONSUM,0.10776417588626183
HDFCBANK,TATAMOTORS,0.21610591295581796
HDFCBANK,TATASTEEL,0.3874688207326238
HDFCBANK,TCS,0.02921629086608574
HDFCBANK,TECHM,0.1949306989691191
HDFCBANK,TITAN,0.17968306739280704
HDFCBANK,TRENT,0.10966130918229429
HDFCBANK,ULTRACEMCO,0.36389204125939845
HDFCBANK,WIPRO,0.18086739869080348
HDFCLIFE,ADANIENT,0.2110855564736508
HDFCLIFE,ADANIPORTS,0.23356131913481337
HDFCLIFE,APOLLOHOSP,0.1321177257094119
HDFCLIFE,ASIANPAINT,0.19410995909637355
HDFCLIFE,AXISBANK,0.2504404226735744
HDFCLIFE,BAJAJ-AUTO,0.19046639076163913
HDFCLIFE,BAJAJFINSV,0.33613876806899495
HDFCLIFE,BAJFINANCE,0.29693394321323663
HDFCLIFE,BEL,0.23841581437993642
HDFCLIFE,BHARTIARTL,0.20689147850735506
HDFCLIFE,BPCL,0.16760909406567462
HDFCLIFE,BRITANNIA,-0.007090332371401063
HDFCLIFE,CIPLA,0.07193206467594117
HDFCLIFE,COALINDIA,0.2004333783099951
HDFCLIFE,DRREDDY,0.11487322256952372
HDFCLIFE,EICHERMOT,0.23700861899341966
HDFCLIFE,GRASIM,0.24182223158212576
HDFCLIFE,HCLTECH,0.12167271386095502
HDFCLIFE,HDFCBANK,0.21461593194553444
HDFCLIFE,HDFCLIFE,1.0
HDFCLIFE,HEROMOTOCO,0.21062812103565687
HDFCLIFE,HINDALCO,0.18774507167463722
HDFCLIFE,HINDUNILVR,0.14819363445238504
HDFCLIFE,ICICIBANK,0.19009742138558464
HDFCLIFE,INDUSINDBK,0.17999016039991966
HDFCLIFE,INFY,0.05878659627436631
HDFCLIFE,ITC,0.19078745043130338
HDFCLIFE,JSWSTEEL,0.23843407537821887
HDFCLIFE,KOTAKBANK,0.18616273733878635
HDFCLIFE,LT,0.253544989815938
HDFCLIFE,M&M,0.20496139697905194
HDFCLIFE,MARUTI,0.23578766900494327
HDFCLIFE,NESTLEIND,0.13557256571612705
HDFCLIFE,NTPC,0.19140944953994093
HDFCLIFE,ONGC,0.2047235059283851
HDFCLIFE,POWERGRID,0.10204347997299368
HDFCLIFE,RELIANCE,0.21485912327008225
HDFCLIFE,SBILIFE,0.5913047588700215
HDFCLIFE,SBIN,0.20667256530997874
HDFCLIFE,SHRIRAMFIN,0.30002580724708044
HDFCLIFE,SUNPHARMA,0.15818347499913707
HDFCLIFE,TATACONSUM,0.20936642936203315
HDFCLIFE,TATAMOTORS,0.21370781701902025
HDFCLIFE,TATASTEEL,0.26387143409911
HDFCLIFE,TCS,0.11152037044490516
HDFCLIFE,TECHM,0.10071038878781227
HDFCLIFE,TITAN,0.20053714722684707
HDFCLIFE,TRENT,0.2048945201245615
HDFCLIFE,ULTRACEMCO,0.23886887317527383
HDFCLIFE,WIPRO,0.18502911046847528
HEROMOTOCO,ADANIENT,0.21194125500045466
HEROMOTOCO,ADANIPORTS,0.1982209693630749
HEROMOTOCO,APOLLOHOSP,0.2417413891038834
HEROMOTOCO,ASIANPAINT,0.17353686320920875
HEROMOTOCO,AXISBANK,0.16110464077402747
HEROMOTOCO,BAJAJ-AUTO,0.3927523259646744
HEROMOTOCO,BAJAJFINSV,0.2290401608575712
HEROMOTOCO,BAJFINANCE,0.15925486992352303
HEROMOTOCO,BEL,0.08181254625503
HEROMOTOCO,BHARTIARTL,0.18579616658132828
HEROMOTOCO,BPCL,0.22068388853589666
HEROMOTOCO,BRITANNIA,0.18006552570553905
HEROMOTOCO,CIPLA,0.13526392707315257
HEROMOTOCO,COALINDIA,0.257750626086394
HEROMOTOCO,DRREDDY,0.14057107319004827
HEROMOTOCO,EICHERMOT,0.267665716646473
HEROMOTOCO,GRASIM,0.26086953229370846
HEROMOTOCO,HCLTECH,0.1407008963644878
HEROMOTOCO,HDFCBANK,0.09759970606205395
HEROMOTOCO,HDFCLIFE,0.21062812103565687
HEROMOTOCO,HEROMOTOCO,1.0
HEROMOTOCO,HINDALCO,0.22729878668650927
HEROMOTOCO,HINDUNILVR,0.20230844414270507
HEROMOTOCO,ICICIBANK,0.13637538110419725
HEROMOTOCO,INDUSINDBK,0.1982827708295252
HEROMOTOCO,INFY,0.0987967508585474
HEROMOTOCO,ITC,0.09054592983133102
HEROMOTOCO,JSWSTEEL,0.19570455253339347
HEROMOTOCO,KOTAKBANK,0.1411244139190983
HEROMOTOCO,LT,0.18810927135439073
HEROMOTOCO,M&M,0.35610931846202665
HEROMOTOCO,MARUTI,0.2935576833895897
HEROMOTOCO,NESTLEIND,0.24375947001064954
HEROMOTOCO,NTPC,0.14422693480922957
HEROMOTOCO,ONGC,0.20137356144803625
HEROMOTOCO,POWERGRID,0.13411136055035153
HEROMOTOCO,RELIANCE,0.2363372466082382
HEROMOTOCO,SBILIFE,0.20710064146640905
HEROMOTOCO,SBIN,0.1271490856202131
HEROMOTOCO,SHRIRAMFIN,0.26127614940074856
HEROMOTOCO,SUNPHARMA,0.22781456265578864
HEROMOTOCO,TATACONSUM,0.21952868925624427
HEROMOTOCO,TATAMOTORS,0.29121173828141483
HEROMOTOCO,TATASTEEL,0.28204386013365884
HEROMOTOCO,TCS,0.11823833997368759
HEROMOTOCO,TECHM,0.1082001304463572
HEROMOTOCO,TITAN,0.296751486111377
HEROMOTOCO,TRENT,0.2113102095506998
HEROMOTOCO,ULTRACEMCO,0.26880901142707564
HEROMOTOCO,WIPRO,0.19851239180419006
HINDALCO,ADANIENT,0.3050511306733019
HINDALCO,ADANIPORTS,0.3322480694250253
HINDALCO,APOLLOHOSP,0.0588524806403706
HINDALCO,ASIANPAINT,0.21253408321519612
HINDALCO,AXISBANK,0.21988995380227697
HINDALCO,BAJAJ-AUTO,0.224758742897233
HINDALCO,BAJAJFINSV,0.2985560546297874
HINDALCO,BAJFINANCE,0.25662767287672805
HINDALCO,BEL,0.371556759303925
HINDALCO,BHARTIARTL,0.29248033391714207
HINDALCO,BPCL,0.34712241930111093
HINDALCO,BRITANNIA,0.0998417442344962
HINDALCO,CIPLA,0.09264031607839032
HINDALCO,COALINDIA,0.3817327672867921
HINDALCO,DRREDDY,0.2034517564658357
HINDALCO,EICHERMOT,0.281071430673754
HINDALCO,GRASIM,0.43223402227873076
HINDALCO,HCLTECH,0.2571965572830436
HINDALCO,HDFCBANK,0.2622305661314269
HINDALCO,HDFCLIFE,0.18774507167463722
HINDALCO,HEROMOTOCO,0.22729878668650927
HINDALCO,HINDALCO,1.0
HINDALCO,HINDUNILVR,0.0738130529652193
HINDALCO,ICICIBANK,0.17152589085502132
HINDALCO,INDUSINDBK,0.28921752508349813
HINDALCO,INFY,0.17593187382431896
HINDALCO,ITC,0.1330377242178701
HINDALCO,JSWSTEEL,0.6041958095065313
HINDALCO,KOTAKBANK,0.19584262362805838
HINDALCO,LT,0.3298001622362896
HINDALCO,M&M,0.2953608046315545
HINDALCO,MARUTI,0.28031789230588244
HINDALCO,NESTLEIND,0.1298465540984508
HINDALCO,NTPC,0.35784351862154945
HINDALCO,ONGC,0.41130822703855086
HINDALCO,POWERGRID,0.37127353692276605
HINDALCO,RELIANCE,0.32845320460870725
HINDALCO,SBILIFE,0.17219257860653805
HINDALCO,SBIN,0.3309459863740934
HINDALCO,SHRIRAMFIN,0.32534605172230224
HINDALCO,SUNPHARMA,0.24848416395834588
HINDALCO,TATACONSUM,0.17543761313240158
HINDALCO,TATAMOTORS,0.36912374641831375
HINDALCO,TATASTEEL,0.6257854555692554
HINDALCO,TCS,0.1621685951950921
HINDALCO,TECHM,0.22881177116039114
HINDALCO,TITAN,0.24489266426389383
HINDALCO,TRENT,0.26875603601277004
HINDALCO,ULTRACEMCO,0.3145337206260175
HINDALCO,WIPRO,0.2515130167785724
HINDUNILVR,ADANIENT,-0.009994023306185606
HINDUNILVR,ADANIPORTS,0.003914027573748134
HINDUNILVR,APOLLOHOSP,0.1099453082331818
HINDUNILVR,ASIANPAINT,0.27337964481484334
HINDUNILVR,AXISBANK,0.0141614284806394
HINDUNILVR,BAJAJ-AUTO,0.13380876663276253
HINDUNILVR,BAJAJFINSV,0.1615426758894457
HINDUNILVR,BAJFINANCE,0.13798641785540144
HINDUNILVR,BEL,-0.06364652745434793
HINDUNILVR,BHARTIARTL,0.15870112148727966
HINDUNILVR,BPCL,-0.006538004643487005
HINDUNILVR,BRITANNIA,0.46921686714220556
HINDUNILVR,CIPLA,0.03523194739946304
HINDUNILVR,COALINDIA,-0.04289178100805089
HINDUNILVR,DRREDDY,0.1630975540194655
HINDUNILVR,EICHERMOT,0.11191232695161192
HINDUNILVR,GRASIM,0.15987466613982013
HINDUNILVR,HCLTECH,0.12167023692025954
HINDUNILVR,HDFCBANK,0.0744271674954607
HINDUNILVR,HDFCLIFE,0.14819363445238504
HINDUNILVR,HEROMOTOCO,0.20230844414270507
HINDUNILVR,HINDALCO,0.0738130529652193
HINDUNILVR,HINDUNILVR,1.0
HINDUNILVR,ICICIBANK,0.0013732340050955803
HINDUNILVR,INDUSINDBK,0.09178740267433821
HINDUNILVR,INFY,0.1653007943411036
HINDUNILVR,ITC,0.3243202295628883
HINDUNILVR,JSWSTEEL,0.14435615751103678
HINDUNILVR,KOTAKBANK,0.17524966459517377
HINDUNILVR,LT,0.018101626848105366
HINDUNILVR,M&M,0.134431891955096
HINDUNILVR,MARUTI,0.15293022803323308
HINDUNILVR,NESTLEIND,0.4792879809524676
HINDUNILVR,NTPC,-0.046914154334445735
HINDUNILVR,ONGC,-0.015273193334086537
HINDUNILVR,POWERGRID,-0.08523749296417185
HINDUNILVR,RELIANCE,0.08792903184557117
HINDUNILVR,SBILIFE,0.27716849056833437
HINDUNILVR,SBIN,-0.0585112192270294
HINDUNILVR,SHRIRAMFIN,0.03953624868307698
HINDUNILVR,SUNPHARMA,0.06270568025210546
HINDUNILVR,TATACONSUM,0.4260963181928589
HINDUNILVR,TATAMOTORS,0.08321609496437565
HINDUNILVR,TATASTEEL,0.08596909885584585
HINDUNILVR,TCS,0.14899573304218328
HINDUNILVR,TECHM,0.1350867940600765
HINDUNILVR,TITAN,0.1958437324561279
HINDUNILVR,TRENT,0.08072210020267205
HINDUNILVR,ULTRACEMCO,0.1662257778830074
HINDUNILVR,WIPRO,0.17834222323226168
ICICIBANK,ADANIENT,0.39292959245204423
ICICIBANK,ADANIPORTS,0.4393589243516036
ICICIBANK,APOLLOHOSP,0.14785330451573211
ICICIBANK,ASIANPAINT,0.15078865297092928
ICICIBANK,AXISBANK,0.6491857702719098
ICICIBANK,BAJAJ-AUTO,0.10896405271894047
ICICIBANK,BAJAJFINSV,0.4226755921007529
ICICIBANK,BAJFINANCE,0.34071494219044
ICICIBANK,BEL,0.306355120655395
ICICIBANK,BHARTIARTL,0.3507693919865064
ICICIBANK,BPCL,0.21863328821667652
ICICIBANK,BRITANNIA,0.04665869829722958
ICICIBANK,CIPLA,0.07794604340064627
ICICIBANK,COALINDIA,0.2420388500984924
ICICIBANK,DRREDDY,0.03615163911135118
ICICIBANK,EICHERMOT,0.3481512561817977
ICICIBANK,GRASIM,0.40003394517562585
ICICIBANK,HCLTECH,0.10775749981171699
ICICIBANK,HDFCBANK,0.4295762054461198
ICICIBANK,HDFCLIFE,0.19009742138558464
ICICIBANK,HEROMOTOCO,0.13637538110419725
ICICIBANK,HINDALCO,0.17152589085502132
ICICIBANK,HINDUNILVR,0.0013732340050955803
ICICIBANK,ICICIBANK,1.0
ICICIBANK,INDUSINDBK,0.35910200605803
ICICIBANK,INFY,0.18492709337993737
ICICIBANK,ITC,0.31150853980020715
ICICIBANK,JSWSTEEL,0.37329210219009795
ICICIBANK,KOTAKBANK,0.44058381686061343
ICICIBANK,LT,0.41125750689798346
ICICIBANK,M&M,0.30612338000322253
ICICIBANK,MARUTI,0.22846168576516193
ICICIBANK,NESTLEIND,0.10899600405323231
ICICIBANK,NTPC,0.35395948617498707
ICICIBANK,ONGC,0.2720174868916011
ICICIBANK,POWERGRID,0.29946579682304025
ICICIBANK,RELIANCE,0.3874347083263866
ICICIBANK,SBILIFE,0.20713633328127193
ICICIBANK,SBIN,0.5142968843912818
ICICIBANK,SHRIRAMFIN,0.4532132203013283
ICICIBANK,SUNPHARMA,0.19575346264086238
ICICIBANK,TATACONSUM,0.11966856839880756
ICICIBANK,TATAMOTORS,0.20057761409631214
ICICIBANK,TATASTEEL,0.3434525176393258
ICICIBANK,TCS,0.1587208118682388
ICICIBANK,TECHM,0.15327766791996647
ICICIBANK,TITAN,0.13604380987365483
ICICIBANK,TRENT,0.1214328317289657
ICICIBANK,ULTRACEMCO,0.431129037656184
ICICIBANK,WIPRO,0.21214826643203516
INDUSINDBK,ADANIENT,0.40057972745026693
INDUSINDBK,ADANIPORTS,0.42777887906754786
INDUSINDBK,APOLLOHOSP,0.11786893412107251
INDUSINDBK,ASIANPAINT,0.1838291312335772
INDUSINDBK,AXISBANK,0.34686109896326217
INDUSINDBK,BAJAJ-AUTO,0.19384165661280395
INDUSINDBK,BAJAJFINSV,0.4199323252090004
INDUSINDBK,BAJFINANCE,0.40772456942634244
INDUSINDBK,BEL,0.31677675655435017
INDUSINDBK,BHARTIARTL,0.23406489964316513
INDUSINDBK,BPCL,0.3643389457813341
INDUSINDBK,BRITANNIA,0.12118537520026558
INDUSINDBK,CIPLA,0.032601661446179216
INDUSINDBK,COALINDIA,0.35550127931894654
INDUSINDBK,DRREDDY,0.10485995435547675
INDUSINDBK,EICHERMOT,0.2735027967615372
INDUSINDBK,GRASIM,0.3439770660397042
INDUSINDBK,HCLTECH,0.10891269434413564
INDUSINDBK,HDFCBANK,0.37978949750261365
INDUSINDBK,HDFCLIFE,0.17999016039991966
INDUSINDBK,HEROMOTOCO,0.1982827708295252
INDUSINDBK,HINDALCO,0.28921752508349813
INDUSINDBK,HINDUNILVR,0.09178740267433821
INDUSINDBK,ICICIBANK,0.35910200605803
INDUSINDBK,INDUSINDBK,1.0
INDUSINDBK,INFY,0.11497825201863743
INDUSINDBK,ITC,0.1813936124391066
INDUSINDBK,JSWSTEEL,0.4124475993087598
INDUSINDBK,KOTAKBANK,0.3294500653422568
INDUSINDBK,LT,0.4226793818896286
INDUSINDBK,M&M,0.36678335831167885
INDUSINDBK,MARUTI,0.29846628353072907
INDUSINDBK,NESTLEIND,0.16520286551600807
INDUSINDBK,NTPC,0.4455316817233195
INDUSINDBK,ONGC,0.3252004847054054
INDUSINDBK,POWERGRID,0.33696268660600004
INDUSINDBK,RELIANCE,0.3975982981133335
INDUSINDBK,SBILIFE,0.2210207710356779
INDUSINDBK,SBIN,0.46150672603946036
INDUSINDBK,SHRIRAMFIN,0.4388115432188806
INDUSINDBK,SUNPHARMA,0.11016553704426874
INDUSINDBK,TATACONSUM,0.2592555333280525
INDUSINDBK,TATAMOTORS,0.32509636834768135
INDUSINDBK,TATASTEEL,0.41034692549455903
INDUSINDBK,TCS,0.07143761349538533
INDUSINDBK,TECHM,0.1013515602318671
INDUSINDBK,TITAN,0.2353395120169488
INDUSINDBK,TRENT,0.19039327520516353
INDUSINDBK,ULTRACEMCO,0.3347031192086286
INDUSINDBK,WIPRO,0.19770075189042804
INFY,ADANIENT,0.09247229457668364
INFY,ADANIPORTS,0.13838028520739523
INFY,APOLLOHOSP,0.09953405179279769
INFY,ASIANPAINT,0.09201651945133917
INFY,AXISBANK,0.06222662734887787
INFY,BAJAJ-AUTO,-0.01959008594985801
INFY,BAJAJFINSV,0.24179959202373072
INFY,BAJFINANCE,0.1850145071337831
INFY,BEL,0.14978251403805212
INFY,BHARTIARTL,0.2740190017303317
INFY,BPCL,0.12746311777100253
INFY,BRITANNIA,0.10157808728422336
INFY,CIPLA,0.05104147384714671
INFY,COALINDIA,0.10949202125424067
INFY,DRREDDY,0.23855539294209432
INFY,EICHERMOT,0.10866262688410556
INFY,GRASIM,0.17279899258195253
INFY,HCLTECH,0.7109673170328521
INFY,HDFCBANK,0.09552596608554395
INFY,HDFCLIFE,0.05878659627436631
INFY,HEROMOTOCO,0.0987967508585474
INFY,HINDALCO,0.17593187382431896
INFY,HINDUNILVR,0.1653007943411036
INFY,ICICIBANK,0.18492709337993737
INFY,INDUSINDBK,0.11497825201863743
INFY,INFY,1.0
INFY,ITC,0.200876921308407
INFY,JSWSTEEL,0.20716436732135582
INFY,KOTAKBANK,0.15642161318570652
INFY,LT,0.22355826166643647
INFY,M&M,0.2302268771785651
INFY,MARUTI,0.12298052102392362
INFY,NESTLEIND,0.07060959128027158
INFY,NTPC,0.10940280657355171
INFY,ONGC,0.22972369465186931
INFY,POWERGRID,0.089538324844395
INFY,RELIANCE,0.19377260864889237
INFY,SBILIFE,0.1577890257979277
INFY,SBIN,0.16553161376810338
INFY,SHRIRAMFIN,0.15047068096325728
INFY,SUNPHARMA,0.1485626035536775
INFY,TATACONSUM,0.2612978804546594
INFY,TATAMOTORS,0.18638767214641727
INFY,TATASTEEL,0.17778571483765854
INFY,TCS,0.7198010793680663
INFY,TECHM,0.6488543904338943
INFY,TITAN,0.20503577282546617
INFY,TRENT,0.14848764453373928
INFY,ULTRACEMCO,0.22957491451784937
INFY,WIPRO,0.5734830249330916
ITC,ADANIENT,0.24956460175898743
ITC,ADANIPORTS,0.2731441749733941
ITC,APOLLOHOSP,0.17202618614597004
ITC,ASIANPAINT,0.2900755196167583
ITC,AXISBANK,0.26285525473999216
ITC,BAJAJ-AUTO,0.14008292518819856
ITC,BAJAJFINSV,0.3008237012968352
ITC,BAJFINANCE,0.29905259356928054
ITC,BEL,0.22341993306630162
ITC,BHARTIARTL,0.26326928026175644
ITC,BPCL,0.17475552558190716
ITC,BRITANNIA,0.37781739363212646
ITC,CIPLA,0.12177648467972638
ITC,COALINDIA,0.2417914841600243
ITC,DRREDDY,0.17900911905407957
ITC,EICHERMOT,0.26109286125601355
ITC,GRASIM,0.26538158982466653
ITC,HCLTECH,0.18311428108573838
ITC,HDFCBANK,0.17067057229623592
ITC,HDFCLIFE,0.19078745043130338
ITC,HEROMOTOCO,0.09054592983133102
ITC,HINDALCO,0.1330377242178701
ITC,HINDUNILVR,0.3243202295628883
ITC,ICICIBANK,0.31150853980020715
ITC,INDUSINDBK,0.1813936124391066
ITC,INFY,0.200876921308407
ITC,ITC,1.0
ITC,JSWSTEEL,0.30108122356609235
ITC,KOTAKBANK,0.24996022951753316
ITC,LT,0.24871355963833688
ITC,M&M,0.18990488236449868
ITC,MARUTI,0.24453480649923404
ITC,NESTLEIND,0.3760064127293904
ITC,NTPC,0.229961922193058
ITC,ONGC,0.20104493093127748
ITC,POWERGRID,0.12375782495117577
ITC,RELIANCE,0.29828257674137126
ITC,SBILIFE,0.21142780311457499
ITC,SBIN,0.258718979420651
ITC,SHRIRAMFIN,0.2331098052340383
ITC,SUNPHARMA,0.18826184449070602
ITC,TATACONSUM,0.31142345761910556
ITC,TATAMOTORS,0.18986992769505245
ITC,TATASTEEL,0.24474875948942562
ITC,TCS,0.16791659917977966
ITC,TECHM,0.2165145360535549
ITC,TITAN,0.3178664514958113
ITC,TRENT,0.14786749877983243
ITC,ULTRACEMCO,0.2600376546902022
ITC,WIPRO,0.22523796148425823
JSWSTEEL,ADANIENT,0.4014181093019591
JSWSTEEL,ADANIPORTS,0.42939564778855144
JSWSTEEL,APOLLOHOSP,0.26806772129686124
JSWSTEEL,ASIANPAINT,0.3242685951223172
JSWSTEEL,AXISBANK,0.3590866499095825
JSWSTEEL,BAJAJ-AUTO,0.22120809675284098
JSWSTEEL,BAJAJFINSV,0.44284959229790216
JSWSTEEL,BAJFINANCE,0.3822030401534953
JSWSTEEL,BEL,0.45247487591397706
JSWSTEEL,BHARTIARTL,0.3612374329649645
JSWSTEEL,BPCL,0.36694667003464976
JSWSTEEL,BRITANNIA,0.19099264616766468
JSWSTEEL,CIPLA,0.1581711833705543
JSWSTEEL,COALINDIA,0.4282612912715851
JSWSTEEL,DRREDDY,0.24025554959686446
JSWSTEEL,EICHERMOT,0.3281004741521717
JSWSTEEL,GRASIM,0.4952819120322438
JSWSTEEL,HCLTECH,0.254360194310943
JSWSTEEL,HDFCBANK,0.36601018960396126
JSWSTEEL,HDFCLIFE,0.23843407537821887
JSWSTEEL,HEROMOTOCO,0.19570455253339347
JSWSTEEL,HINDALCO,0.6041958095065313
JSWSTEEL,HINDUNILVR,0.14435615751103678
JSWSTEEL,ICICIBANK,0.37329210219009795
JSWSTEEL,INDUSINDBK,0.4124475993087598
JSWSTEEL,INFY,0.20716436732135582
JSWSTEEL,ITC,0.30108122356609235
JSWSTEEL,JSWSTEEL,1.0
JSWSTEEL,KOTAKBANK,0.2944038196978145
JSWSTEEL,LT,0.48654643734418207
JSWSTEEL,M&M,0.40935692334545865
JSWSTEEL,MARUTI,0.3562077734302755
JSWSTEEL,NESTLEIND,0.172254255916706
JSWSTEEL,NTPC,0.507044482189219
JSWSTEEL,ONGC,0.44157359115618633
JSWSTEEL,POWERGRID,0.4528877252825304
JSWSTEEL,RELIANCE,0.4182239046017547
JSWSTEEL,SBILIFE,0.21505385110071867
JSWSTEEL,SBIN,0.44040204818799783
JSWSTEEL,SHRIRAMFIN,0.4250364742132969
JSWSTEEL,SUNPHARMA,0.25328305821138414
JSWSTEEL,TATACONSUM,0.22925481240881315
JSWSTEEL,TATAMOTORS,0.4117819587574193
JSWSTEEL,TATASTEEL,0.7912607092694073
JSWSTEEL,TCS,0.20704498189616077
JSWSTEEL,TECHM,0.25645016100838625
JSWSTEEL,TITAN,0.3039396891415295
JSWSTEEL,TRENT,0.2590067143792882
JSWSTEEL,ULTRACEMCO,0.5528052001585141
JSWSTEEL,WIPRO,0.35233166934026616
KOTAKBANK,ADANIENT,0.231170949657357
KOTAKBANK,ADANIPORTS,0.2933552857013152
KOTAKBANK,APOLLOHOSP,0.1278606328551138
KOTAKBANK,ASIANPAINT,0.15679903431380368
KOTAKBANK,AXISBANK,0.30059683749096006
KOTAKBANK,BAJAJ-AUTO,0.079766922981694
KOTAKBANK,BAJAJFINSV,0.25928902381343827
KOTAKBANK,BAJFINANCE,0.30570945052845494
KOTAKBANK,BEL,0.25848632349767153
KOTAKBANK,BHARTIARTL,0.3037382927388365
KOTAKBANK,BPCL,0.1492214278444633
KOTAKBANK,BRITANNIA,0.228447688561429
KOTAKBANK,CIPLA,0.033212875540635706
KOTAKBANK,COALINDIA,0.21545684006949795
KOTAKBANK,DRREDDY,-0.05392698176727125
KOTAKBANK,EICHERMOT,0.24049280140016713
KOTAKBANK,GRASIM,0.23191596664394976
KOTAKBANK,HCLTECH,0.11921342822888746
KOTAKBANK,HDFCBANK,0.413422057692391
KOTAKBANK,HDFCLIFE,0.18616273733878635
KOTAKBANK,HEROMOTOCO,0.1411244139190983
KOTAKBANK,HINDALCO,0.19584262362805838
KOTAKBANK,HINDUNILVR,0.17524966459517377
KOTAKBANK,ICICIBANK,0.44058381686061343
KOTAKBANK,INDUSINDBK,0.3294500653422568
KOTAKBANK,INFY,0.15642161318570652
KOTAKBANK,ITC,0.24996022951753316
KOTAKBANK,JSWSTEEL,0.2944038196978145
KOTAKBANK,KOTAKBANK,1.0
KOTAKBANK,LT,0.2743309723463502
KOTAKBANK,M&M,0.2339511036849093
KOTAKBANK,MARUTI,0.2097751336669161
KOTAKBANK,NESTLEIND,0.11181340741885919
KOTAKBANK,NTPC,0.22652566491232884
KOTAKBANK,ONGC,0.23559046137029632
KOTAKBANK,POWERGRID,0.1892589242738283
KOTAKBANK,RELIANCE,0.3429405700163216
KOTAKBANK,SBILIFE,0.26724287060810675
KOTAKBANK,SBIN,0.27549057390774684
KOTAKBANK,SHRIRAMFIN,0.28360087302404713
KOTAKBANK,SUNPHARMA,0.08726651566206228
KOTAKBANK,TATACONSUM,0.1885587101878375
KOTAKBANK,TATAMOTORS,0.15574393311290724
KOTAKBANK,TATASTEEL,0.2626996426271149
KOTAKBANK,TCS,0.09528668507142464
KOTAKBANK,TECHM,0.15189047066208375
KOTAKBANK,TITAN,0.1459338892221789
KOTAKBANK,TRENT,0.08452450260110975
KOTAKBANK,ULTRACEMCO,0.3329841042443916
KOTAKBANK,WIPRO,0.234850418813616
LT,ADANIENT,0.48376961301224963
LT,ADANIPORTS,0.5173208660834981
LT,APOLLOHOSP,0.22073660405246728
LT,ASIANPAINT,0.2080862218257232
LT,AXISBANK,0.34844460153371226
LT,BAJAJ-AUTO,0.16436463577401725
LT,BAJAJFINSV,0.40741075061253285
LT,BAJFINANCE,0.37798754624059744
LT,BEL,0.5933357083888607
LT,BHARTIARTL,0.31858061810145294
LT,BPCL,0.4720863269398955
LT,BRITANNIA,0.08998667903807306
LT,CIPLA,0.14786199557859508
LT,COALINDIA,0.49459222158361865
LT,DRREDDY,0.12439957799634568
LT,EICHERMOT,0.3316854338351199
LT,GRASIM,0.34378548846003626
LT,HCLTECH,0.2192988513474494
LT,HDFCBANK,0.34487222644489474
LT,HDFCLIFE,0.253544989815938
LT,HEROMOTOCO,0.18810927135439073
LT,HINDALCO,0.3298001622362896
LT,HINDUNILVR,0.018101626848105366
LT,ICICIBANK,0.41125750689798346
LT,INDUSINDBK,0.4226793818896286
LT,INFY,0.22355826166643647
LT,ITC,0.24871355963833688
LT,JSWSTEEL,0.48654643734418207
LT,KOTAKBANK,0.2743309723463502
LT,LT,1.0
LT,M&M,0.35541522097817646
LT,MARUTI,0.3276015195944796
LT,NESTLEIND,0.0917236314826625
LT,NTPC,0.5374697956429264
LT,ONGC,0.5442417261251645
LT,POWERGRID,0.45390730048112227
LT,RELIANCE,0.5357623054513253
LT,SBILIFE,0.33082238614645193
LT,SBIN,0.49499864771687685
LT,SHRIRAMFIN,0.46664744705811634
LT,SUNPHARMA,0.16589754872094964
LT,TATACONSUM,0.16519192554798234
LT,TATAMOTORS,0.3472757995549479
LT,TATASTEEL,0.4827795139912602
LT,TCS,0.20551645231726512
LT,TECHM,0.2002744896376089
LT,TITAN,0.21551749541157397
LT,TRENT,0.17484645143931582
LT,ULTRACEMCO,0.46899921086111296
LT,WIPRO,0.31593213059328035
M&M,ADANIENT,0.3059712896675553
M&M,ADANIPORTS,0.31699684967861624
M&M,APOLLOHOSP,0.2413646468322753
M&M,ASIANPAINT,0.124043193444386
M&M,AXISBANK,0.23711834327293457
M&M,BAJAJ-AUTO,0.2745913567054706
M&M,BAJAJFINSV,0.33493189332119694
M&M,BAJFINANCE,0.2517156829800467
M&M,BEL,0.36622718771782337
M&M,BHARTIARTL,0.2812063753155073
M&M,BPCL,0.281718686790063
M&M,BRITANNIA,0.1187348854972534
M&M,CIPLA,0.18025464552857193
M&M,COALINDIA,0.28574661703930815
M&M,DRREDDY,0.22567639106777107
M&M,EICHERMOT,0.3477052284016496
M&M,GRASIM,0.30299605031290605
M&M,HCLTECH,0.21331748550045956
M&M,HDFCBANK,0.32377417091018984
M&M,HDFCLIFE,0.20496139697905194
M&M,HEROMOTOCO,0.35610931846202665
M&M,HINDALCO,0.2953608046315545
M&M,HINDUNILVR,0.134431891955096
M&M,ICICIBANK,0.30612338000322253
M&M,INDUSINDBK,0.36678335831167885
M&M,INFY,0.2302268771785651
M&M,ITC,0.18990488236449868
M&M,JSWSTEEL,0.40935692334545865
M&M,KOTAKBANK,0.2339511036849093
M&M,LT,0.35541522097817646
M&M,M&M,1.0
M&M,MARUTI,0.39382316612809565
M&M,NESTLEIND,0.21136596083395578
M&M,NTPC,0.33270806834743905
M&M,ONGC,0.28331546720725437
M&M,POWERGRID,0.29893033037386024
M&M,RELIANCE,0.2952764804337888
M&M,SBILIFE,0.21159170661817805
M&M,SBIN,0.3135302845128448
M&M,SHRIRAMFIN,0.36918500821935624
M&M,SUNPHARMA,0.2769216116011448
M&M,TATACONSUM,0.17377149049483429
M&M,TATAMOTORS,0.4055735484073856
M&M,TATASTEEL,0.42245399966609043
M&M,TCS,0.1759271750271649
M&M,TECHM,0.2116961302310621
M&M,TITAN,0.2808123269572942
M&M,TRENT,0.26246050493955836
M&M,ULTRACEMCO,0.4285520537339766
M&M,WIPRO,0.29625595559142964
MARUTI,ADANIENT,0.31817978291439303
MARUTI,ADANIPORTS,0.29513157988363475
MARUTI,APOLLOHOSP,0.18974508019295733
MARUTI,ASIANPAINT,0.2524003181610889
MARUTI,AXISBANK,0.24887695065220886
MARUTI,BAJAJ-AUTO,0.341942940856545
MARUTI,BAJAJFINSV,0.317498031162519
MARUTI,BAJFINANCE,0.2743873762619714
MARUTI,BEL,0.21549715415435688
MARUTI,BHARTIARTL,0.3497672077620299
MARUTI,BPCL,0.29849876190052643
MARUTI,BRITANNIA,0.1673568427533173
MARUTI,CIPLA,0.07251315856959743
MARUTI,COALINDIA,0.25984807903231694
MARUTI,DRREDDY,0.13507648893580837
MARUTI,EICHERMOT,0.3910558410641431
MARUTI,GRASIM,0.2871946775932643
MARUTI,HCLTECH,0.2067169634177907
MARUTI,HDFCBANK,0.24267476538857577
MARUTI,HDFCLIFE,0.23578766900494327
MARUTI,HEROMOTOCO,0.2935576833895897
MARUTI,HINDALCO,0.28031789230588244
MARUTI,HINDUNILVR,0.15293022803323308
MARUTI,ICICIBANK,0.22846168576516193
MARUTI,INDUSINDBK,0.29846628353072907
MARUTI,INFY,0.12298052102392362
MARUTI,ITC,0.24453480649923404
MARUTI,JSWSTEEL,0.3562077734302755
MARUTI,KOTAKBANK,0.2097751336669161
MARUTI,LT,0.3276015195944796
MARUTI,M&M,0.39382316612809565
MARUTI,MARUTI,1.0
MARUTI,NESTLEIND,0.24704656870941769
MARUTI,NTPC,0.284333827837385
MARUTI,ONGC,0.2882312407778905
MARUTI,POWERGRID,0.28178453717328616
MARUTI,RELIANCE,0.3553230911558992
MARUTI,SBILIFE,0.28954719673817864
MARUTI,SBIN,0.27815449912780343
MARUTI,SHRIRAMFIN,0.280905013992735
MARUTI,SUNPHARMA,0.1924536325824579
MARUTI,TATACONSUM,0.19381573404070263
MARUTI,TATAMOTORS,0.3881695702797781
MARUTI,TATASTEEL,0.3848009752151332
MARUTI,TCS,0.1630854630608542
MARUTI,TECHM,0.14264432463849575
MARUTI,TITAN,0.3217252566661498
MARUTI,TRENT,0.18384522559373467
MARUTI,ULTRACEMCO,0.35126944087222495
MARUTI,WIPRO,0.2030252929101188
NESTLEIND,ADANIENT,0.09630040933851912
NESTLEIND,ADANIPORTS,0.09029417910929917
NESTLEIND,APOLLOHOSP,0.224628428928866
NESTLEIND,ASIANPAINT,0.2671496359426625
NESTLEIND,AXISBANK,0.1455864153249618
NESTLEIND,BAJAJ-AUTO,0.15528122795955743
NESTLEIND,BAJAJFINSV,0.28459567883209985
NESTLEIND,BAJFINANCE,0.24998539518626992
NESTLEIND,BEL,0.060399759637194184
NESTLEIND,BHARTIARTL,0.09870119615891905
NESTLEIND,BPCL,0.05596991787670819
NESTLEIND,BRITANNIA,0.4836933825544486
NESTLEIND,CIPLA,0.10897842552205715
NESTLEIND,COALINDIA,0.07987509586959746
NESTLEIND,DRREDDY,0.2475846314340498
NESTLEIND,EICHERMOT,0.12171358061853388
NESTLEIND,GRASIM,0.2703671650211859
NESTLEIND,HCLTECH,0.08956971299236124
NESTLEIND,HDFCBANK,0.05948152928700071
NESTLEIND,HDFCLIFE,0.13557256571612705
NESTLEIND,HEROMOTOCO,0.24375947001064954
NESTLEIND,HINDALCO,0.1298465540984508
NESTLEIND,HINDUNILVR,0.4792879809524676
NESTLEIND,ICICIBANK,0.10899600405323231
NESTLEIND,INDUSINDBK,0.16520286551600807
NESTLEIND,INFY,0.07060959128027158
NESTLEIND,ITC,0.3760064127293904
NESTLEIND,JSWSTEEL,0.172254255916706
NESTLEIND,KOTAKBANK,0.11181340741885919
NESTLEIND,LT,0.0917236314826625
NESTLEIND,M&M,0.21136596083395578
NESTLEIND,MARUTI,0.24704656870941769
NESTLEIND,NESTLEIND,1.0
NESTLEIND,NTPC,0.0826571619343087
NESTLEIND,ONGC,0.029905177557069774
NESTLEIND,POWERGRID,0.08552162287429751
NESTLEIND,RELIANCE,0.18092970020149923
NESTLEIND,SBILIFE,0.19485723739865268
NESTLEIND,SBIN,0.03656214892521369
NESTLEIND,SHRIRAMFIN,0.129854363117326
NESTLEIND,SUNPHARMA,0.16383448261956635
NESTLEIND,TATACONSUM,0.38458126082189753
NESTLEIND,TATAMOTORS,0.1360180025899469
NESTLEIND,TATASTEEL,0.12606399171297938
NESTLEIND,TCS,0.099721353715827
NESTLEIND,TECHM,0.04987660469787258
NESTLEIND,TITAN,0.24323392684228398
NESTLEIND,TRENT,0.15433616425293764
NESTLEIND,ULTRACEMCO,0.2781991728771273
NESTLEIND,WIPRO,0.1714304428091819
NTPC,ADANIENT,0.5524042539174407
NTPC,ADANIPORTS,0.614574150592417
NTPC,APOLLOHOSP,0.1826016242608971
NTPC,ASIANPAINT,0.22149675492065632
NTPC,AXISBANK,0.38142368324062037
NTPC,BAJAJ-AUTO,0.2019579112578436
NTPC,BAJAJFINSV,0.3959023496200001
NTPC,BAJFINANCE,0.324073027582716
NTPC,BEL,0.6120331963578772
NTPC,BHARTIARTL,0.36609187828041523
NTPC,BPCL,0.6055148912661569
NTPC,BRITANNIA,0.07578813664167926
NTPC,CIPLA,0.08719922067450377
NTPC,COALINDIA,0.6245166231948235
NTPC,DRREDDY,0.21207591091106007
NTPC,EICHERMOT,0.2685838473259689
NTPC,GRASIM,0.3931893749312954
NTPC,HCLTECH,0.15234237758671157
NTPC,HDFCBANK,0.34143545316464935
NTPC,HDFCLIFE,0.19140944953994093
NTPC,HEROMOTOCO,0.14422693480922957
NTPC,HINDALCO,0.35784351862154945
NTPC,HINDUNILVR,-0.046914154334445735
NTPC,ICICIBANK,0.35395948617498707
NTPC,INDUSINDBK,0.4455316817233195
NTPC,INFY,0.10940280657355171
NTPC,ITC,0.229961922193058
NTPC,JSWSTEEL,0.507044482189219
NTPC,KOTAKBANK,0.22652566491232884
NTPC,LT,0.5374697956429264
NTPC,M&M,0.33270806834743905
NTPC,MARUTI,0.284333827837385
NTPC,NESTLEIND,0.0826571619343087
NTPC,NTPC,1.0
NTPC,ONGC,0.6356724817333892
NTPC,POWERGRID,0.7145445446934159
NTPC,RELIANCE,0.5526119387237978
NTPC,SBILIFE,0.21713986589456236
NTPC,SBIN,0.5935329663037695
NTPC,SHRIRAMFIN,0.4689199512320086
NTPC,SUNPHARMA,0.23313159637209221
NTPC,TATACONSUM,0.17947291807584986
NTPC,TATAMOTORS,0.41372946998166965
NTPC,TATASTEEL,0.5352851246255527
NTPC,TCS,0.10675456387537574
NTPC,TECHM,0.1809088949273446
NTPC,TITAN,0.32941204839640503
NTPC,TRENT,0.22844217591596108
NTPC,ULTRACEMCO,0.4553500130314093
NTPC,WIPRO,0.19178593910206665
ONGC,ADANIENT,0.48758894132970676
ONGC,ADANIPORTS,0.5280377787527815
ONGC,APOLLOHOSP,0.16716243513216544
ONGC,ASIANPAINT,0.12709256161850901
ONGC,AXISBANK,0.31913702484676243
ONGC,BAJAJ-AUTO,0.19128963597736173
ONGC,BAJAJFINSV,0.31914640273363054
ONGC,BAJFINANCE,0.32111742980318697
ONGC,BEL,0.5763062283600947
ONGC,BHARTIARTL,0.3407923994849829
ONGC,BPCL,0.6014442063590917
ONGC,BRITANNIA,0.03891755282603914
ONGC,CIPLA,0.024103832336953963
ONGC,COALINDIA,0.6541883341941099
ONGC,DRREDDY,0.18494202515715205
ONGC,EICHERMOT,0.2378941203165106
ONGC,GRASIM,0.32738358866290534
ONGC,HCLTECH,0.2195297699397969
ONGC,HDFCBANK,0.2784685683532067
ONGC,HDFCLIFE,0.2047235059283851
ONGC,HEROMOTOCO,0.20137356144803625
ONGC,HINDALCO,0.41130822703855086
ONGC,HINDUNILVR,-0.015273193334086537
ONGC,ICICIBANK,0.2720174868916011
ONGC,INDUSINDBK,0.3252004847054054
ONGC,INFY,0.22972369465186931
ONGC,ITC,0.20104493093127748
ONGC,JSWSTEEL,0.44157359115618633
ONGC,KOTAKBANK,0.23559046137029632
ONGC,LT,0.5442417261251645
ONGC,M&M,0.28331546720725437
ONGC,MARUTI,0.2882312407778905
ONGC,NESTLEIND,0.029905177557069774
ONGC,NTPC,0.6356724817333892
ONGC,ONGC,1.0
ONGC,POWERGRID,0.5071270665914196
ONGC,RELIANCE,0.5518500864998613
ONGC,SBILIFE,0.2671624367706884
ONGC,SBIN,0.5747922907073083
ONGC,SHRIRAMFIN,0.45471497195837257
ONGC,SUNPHARMA,0.22012062795816703
ONGC,TATACONSUM,0.17473035308742613
ONGC,TATAMOTORS,0.44470858075803343
ONGC,TATASTEEL,0.4965883085033832
ONGC,TCS,0.1677951676272583
ONGC,TECHM,0.23255341665777407
ONGC,TITAN,0.19565156923837698
ONGC,TRENT,0.21397712707157943
ONGC,ULTRACEMCO,0.41010957392988734
ONGC,WIPRO,0.2914899805220732
POWERGRID,ADANIENT,0.4040944904040302
POWERGRID,ADANIPORTS,0.5135072585583129
POWERGRID,APOLLOHOSP,0.1772222939619884
POWERGRID,ASIANPAINT,0.10965383350744382
POWERGRID,AXISBANK,0.29523816900219213
POWERGRID,BAJAJ-AUTO,0.1719824264975194
POWERGRID,BAJAJFINSV,0.31551041699735016
POWERGRID,BAJFINANCE,0.24546545149653112
POWERGRID,BEL,0.5434175658418805
POWERGRID,BHARTIARTL,0.3132016138486968
POWERGRID,BPCL,0.5350605920068896
POWERGRID,BRITANNIA,-0.03354306910183781
POWERGRID,CIPLA,0.12455729784630412
POWERGRID,COALINDIA,0.5343122223449621
POWERGRID,DRREDDY,0.1908651786002457
POWERGRID,EICHERMOT,0.21413995607084757
POWERGRID,GRASIM,0.35633022047599217
POWERGRID,HCLTECH,0.10726619780925416
POWERGRID,HDFCBANK,0.3152331308875643
POWERGRID,HDFCLIFE,0.10204347997299368
POWERGRID,HEROMOTOCO,0.13411136055035153
POWERGRID,HINDALCO,0.37127353692276605
POWERGRID,HINDUNILVR,-0.08523749296417185
POWERGRID,ICICIBANK,0.29946579682304025
POWERGRID,INDUSINDBK,0.33696268660600004
POWERGRID,INFY,0.089538324844395
POWERGRID,ITC,0.12375782495117577
POWERGRID,JSWSTEEL,0.4528877252825304
POWERGRID,KOTAKBANK,0.1892589242738283
POWERGRID,LT,0.45390730048112227
POWERGRID,M&M,0.29893033037386024
POWERGRID,MARUTI,0.28178453717328616
POWERGRID,NESTLEIND,0.08552162287429751
POWERGRID,NTPC,0.7145445446934159
POWERGRID,ONGC,0.5071270665914196
POWERGRID,POWERGRID,1.0
POWERGRID,RELIANCE,0.47795524559170455
POWERGRID,SBILIFE,0.14547599887208748
POWERGRID,SBIN,0.4972448898907381
POWERGRID,SHRIRAMFIN,0.3630487671430672
POWERGRID,SUNPHARMA,0.2514436618374939
POWERGRID,TATACONSUM,0.14584568935659484
POWERGRID,TATAMOTORS,0.3602341040909858
POWERGRID,TATASTEEL,0.49929605948085065
POWERGRID,TCS,0.10129494687648
POWERGRID,TECHM,0.14710787596934835
POWERGRID,TITAN,0.2061978477223116
POWERGRID,TRENT,0.2020373994457426
POWERGRID,ULTRACEMCO,0.4047607278474467
POWERGRID,WIPRO,0.1614369919576362
RELIANCE,ADANIENT,0.4856900187763024
RELIANCE,ADANIPORTS,0.5159054166366837
RELIANCE,APOLLOHOSP,0.2250957456002831
RELIANCE,ASIANPAINT,0.291506888073075
RELIANCE,AXISBANK,0.4334849192114962
RELIANCE,BAJAJ-AUTO,0.25627349611028244
RELIANCE,BAJAJFINSV,0.41583481969813785
RELIANCE,BAJFINANCE,0.4114936839140572
RELIANCE,BEL,0.4957290070407343
RELIANCE,BHARTIARTL,0.35391969169429843
RELIANCE,BPCL,0.47668198495187347
RELIANCE,BRITANNIA,0.13628676217501418
RELIANCE,CIPLA,0.04689631748040636
RELIANCE,COALINDIA,0.5127272808792898
RELIANCE,DRREDDY,0.16909408519561991
RELIANCE,EICHERMOT,0.3318721363366153
RELIANCE,GRASIM,0.39191074395777314
RELIANCE,HCLTECH,0.28175396535047226
RELIANCE,HDFCBANK,0.29806871036181787
RELIANCE,HDFCLIFE,0.21485912327008225
RELIANCE,HEROMOTOCO,0.2363372466082382
RELIANCE,HINDALCO,0.32845320460870725
RELIANCE,HINDUNILVR,0.08792903184557117
RELIANCE,ICICIBANK,0.3874347083263866
RELIANCE,INDUSINDBK,0.3975982981133335
RELIANCE,INFY,0.19377260864889237
RELIANCE,ITC,0.29828257674137126
RELIANCE,JSWSTEEL,0.4182239046017547
RELIANCE,KOTAKBANK,0.3429405700163216
RELIANCE,LT,0.5357623054513253
RELIANCE,M&M,0.2952764804337888
RELIANCE,MARUTI,0.3553230911558992
RELIANCE,NESTLEIND,0.18092970020149923
RELIANCE,NTPC,0.5526119387237978
RELIANCE,ONGC,0.5518500864998613
RELIANCE,POWERGRID,0.47795524559170455
RELIANCE,RELIANCE,1.0
RELIANCE,SBILIFE,0.2835992049814429
RELIANCE,SBIN,0.5456051194422713
RELIANCE,SHRIRAMFIN,0.4556283618122709
RELIANCE,SUNPHARMA,0.2843937711853922
RELIANCE,TATACONSUM,0.20058505011085864
RELIANCE,TATAMOTORS,0.3974992593691592
RELIANCE,TATASTEEL,0.4462222344255992
RELIANCE,TCS,0.24215628323814206
RELIANCE,TECHM,0.257508194614317
RELIANCE,TITAN,0.33008315681179967
RELIANCE,TRENT,0.2793607517037928
RELIANCE,ULTRACEMCO,0.49107440654006584
RELIANCE,WIPRO,0.35279921271513376
SBILIFE,ADANIENT,0.2857722406633147
SBILIFE,ADANIPORTS,0.27872032003699043
SBILIFE,APOLLOHOSP,0.15564165093652235
SBILIFE,ASIANPAINT,0.20606566166459778
SBILIFE,AXISBANK,0.17994023792850486
SBILIFE,BAJAJ-AUTO,0.19649264102038633
SBILIFE,BAJAJFINSV,0.4152005735311482
SBILIFE,BAJFINANCE,0.3417086712991058
SBILIFE,BEL,0.20497910767149116
SBILIFE,BHARTIARTL,0.23518201423593074
SBILIFE,BPCL,0.24000178012013443
SBILIFE,BRITANNIA,0.09358637150538769
SBILIFE,CIPLA,0.11697992993876352
SBILIFE,COALINDIA,0.24167148748442988
SBILIFE,DRREDDY,0.20228699339814998
SBILIFE,EICHERMOT,0.3299361318691299
SBILIFE,GRASIM,0.23539466112352556
SBILIFE,HCLTECH,0.20421108171980673
SBILIFE,HDFCBANK,0.21212573900574516
SBILIFE,HDFCLIFE,0.5913047588700215
SBILIFE,HEROMOTOCO,0.20710064146640905
SBILIFE,HINDALCO,0.17219257860653805
SBILIFE,HINDUNILVR,0.27716849056833437
SBILIFE,ICICIBANK,0.20713633328127193
SBILIFE,INDUSINDBK,0.2210207710356779
SBILIFE,INFY,0.1577890257979277
SBILIFE,ITC,0.21142780311457499
SBILIFE,JSWSTEEL,0.21505385110071867
SBILIFE,KOTAKBANK,0.26724287060810675
SBILIFE,LT,0.33082238614645193
SBILIFE,M&M,0.21159170661817805
SBILIFE,MARUTI,0.28954719673817864
SBILIFE,NESTLEIND,0.19485723739865268
SBILIFE,NTPC,0.21713986589456236
SBILIFE,ONGC,0.2671624367706884
SBILIFE,POWERGRID,0.14547599887208748
SBILIFE,RELIANCE,0.2835992049814429
SBILIFE,SBILIFE,1.0
SBILIFE,SBIN,0.2735789283216815
SBILIFE,SHRIRAMFIN,0.34907634932377013
SBILIFE,SUNPHARMA,0.1473796182709912
SBILIFE,TATACONSUM,0.20781474261578434
SBILIFE,TATAMOTORS,0.2255794435749063
SBILIFE,TATASTEEL,0.2279923173220543
SBILIFE,TCS,0.17029617765955662
SBILIFE,TECHM,0.13764967671623482
SBILIFE,TITAN,0.20012687851257355
SBILIFE,TRENT,0.18136707033890853
SBILIFE,ULTRACEMCO,0.25742325089546325
SBILIFE,WIPRO,0.24679674516852698
SBIN,ADANIENT,0.5505904216806069
SBIN,ADANIPORTS,0.5791027965813103
SBIN,APOLLOHOSP,0.16981228507022567
SBIN,ASIANPAINT,0.09532806096186378
SBIN,AXISBANK,0.508423512624139
SBIN,BAJAJ-AUTO,0.1421972959447857
SBIN,BAJAJFINSV,0.4243061067129162
SBIN,BAJFINANCE,0.39427295781605304
SBIN,BEL,0.5757216920128632
SBIN,BHARTIARTL,0.2850453942045715
SBIN,BPCL,0.5293805240203949
SBIN,BRITANNIA,-0.0032990252646732223
SBIN,CIPLA,0.015179931935832263
SBIN,COALINDIA,0.5144503324071924
SBIN,DRREDDY,0.13888991812258436
SBIN,EICHERMOT,0.3147381698153241
SBIN,GRASIM,0.42745540727445835
SBIN,HCLTECH,0.21061908281229766
SBIN,HDFCBANK,0.3589529166828686
SBIN,HDFCLIFE,0.20667256530997874
SBIN,HEROMOTOCO,0.1271490856202131
SBIN,HINDALCO,0.3309459863740934
SBIN,HINDUNILVR,-0.0585112192270294
SBIN,ICICIBANK,0.5142968843912818
SBIN,INDUSINDBK,0.46150672603946036
SBIN,INFY,0.16553161376810338
SBIN,ITC,0.258718979420651
SBIN,JSWSTEEL,0.44040204818799783
SBIN,KOTAKBANK,0.27549057390774684
SBIN,LT,0.49499864771687685
SBIN,M&M,0.3135302845128448
SBIN,MARUTI,0.27815449912780343
SBIN,NESTLEIND,0.03656214892521369
SBIN,NTPC,0.5935329663037695
SBIN,ONGC,0.5747922907073083
SBIN,POWERGRID,0.4972448898907381
SBIN,RELIANCE,0.5456051194422713
SBIN,SBILIFE,0.2735789283216815
SBIN,SBIN,1.0
SBIN,SHRIRAMFIN,0.5086144161658438
SBIN,SUNPHARMA,0.10947958304980746
SBIN,TATACONSUM,0.1117312423869241
SBIN,TATAMOTORS,0.37030352639115527
SBIN,TATASTEEL,0.4824485197695521
SBIN,TCS,0.1589268527685387
SBIN,TECHM,0.17941678095014313
SBIN,TITAN,0.20962952455354145
SBIN,TRENT,0.26850313071609616
SBIN,ULTRACEMCO,0.42538352858961037
SBIN,WIPRO,0.23418562773008345
SHRIRAMFIN,ADANIENT,0.42204631584038965
SHRIRAMFIN,ADANIPORTS,0.4746082385506535
SHRIRAMFIN,APOLLOHOSP,0.2710100287722068
SHRIRAMFIN,ASIANPAINT,0.21387620726941467
SHRIRAMFIN,AXISBANK,0.42910440863847776
SHRIRAMFIN,BAJAJ-AUTO,0.28960810200274867
SHRIRAMFIN,BAJAJFINSV,0.48625870279506256
SHRIRAMFIN,BAJFINANCE,0.45983982990992334
SHRIRAMFIN,BEL,0.47163887094757306
SHRIRAMFIN,BHARTIARTL,0.3524415502317674
SHRIRAMFIN,BPCL,0.4069219722091514
SHRIRAMFIN,BRITANNIA,0.11945787173939885
SHRIRAMFIN,CIPLA,0.0790984841532652
SHRIRAMFIN,COALINDIA,0.4252363849032729
SHRIRAMFIN,DRREDDY,0.15012375679214673
SHRIRAMFIN,EICHERMOT,0.3636210969583936
SHRIRAMFIN,GRASIM,0.3619397720082304
SHRIRAMFIN,HCLTECH,0.21623728101315925
SHRIRAMFIN,HDFCBANK,0.34730474727737637
SHRIRAMFIN,HDFCLIFE,0.30002580724708044
SHRIRAMFIN,HEROMOTOCO,0.26127614940074856
SHRIRAMFIN,HINDALCO,0.32534605172230224
SHRIRAMFIN,HINDUNILVR,0.03953624868307698
SHRIRAMFIN,ICICIBANK,0.4532132203013283
SHRIRAMFIN,INDUSINDBK,0.4388115432188806
SHRIRAMFIN,INFY,0.15047068096325728
SHRIRAMFIN,ITC,0.2331098052340383
SHRIRAMFIN,JSWSTEEL,0.4250364742132969
SHRIRAMFIN,KOTAKBANK,0.28360087302404713
SHRIRAMFIN,LT,0.46664744705811634
SHRIRAMFIN,M&M,0.36918500821935624
SHRIRAMFIN,MARUTI,0.280905013992735
SHRIRAMFIN,NESTLEIND,0.129854363117326
SHRIRAMFIN,NTPC,0.4689199512320086
SHRIRAMFIN,ONGC,0.45471497195837257
SHRIRAMFIN,POWERGRID,0.3630487671430672
SHRIRAMFIN,RELIANCE,0.4556283618122709
SHRIRAMFIN,SBILIFE,0.34907634932377013
SHRIRAMFIN,SBIN,0.5086144161658438
SHRIRAMFIN,SHRIRAMFIN,1.0
SHRIRAMFIN,SUNPHARMA,0.2010956624671436
SHRIRAMFIN,TATACONSUM,0.18221962214235524
SHRIRAMFIN,TATAMOTORS,0.3543176765359673
SHRIRAMFIN,TATASTEEL,0.4544403845359589
SHRIRAMFIN,TCS,0.11909566588192665
SHRIRAMFIN,TECHM,0.21690585784495256
SHRIRAMFIN,TITAN,0.2541645233861577
SHRIRAMFIN,TRENT,0.2164269381623819
SHRIRAMFIN,ULTRACEMCO,0.4873935600890192
SHRIRAMFIN,WIPRO,0.3027737294181401
SUNPHARMA,ADANIENT,0.17603226615142423
SUNPHARMA,ADANIPORTS,0.21800087144040192
SUNPHARMA,APOLLOHOSP,0.2860279571591975
SUNPHARMA,ASIANPAINT,0.21630366265911055
SUNPHARMA,AXISBANK,0.14810699175479805
SUNPHARMA,BAJAJ-AUTO,0.15882485082460018
SUNPHARMA,BAJAJFINSV,0.20537712816381024
SUNPHARMA,BAJFINANCE,0.1290154331050417
SUNPHARMA,BEL,0.16573001691555292
SUNPHARMA,BHARTIARTL,0.25990654540613684
SUNPHARMA,BPCL,0.2051696905879874
SUNPHARMA,BRITANNIA,0.18950082794759573
SUNPHARMA,CIPLA,0.417541343476436
SUNPHARMA,COALINDIA,0.18171809995173438
SUNPHARMA,DRREDDY,0.4105551654366435
SUNPHARMA,EICHERMOT,0.17170304391732705
SUNPHARMA,GRASIM,0.22102019327950545
SUNPHARMA,HCLTECH,0.16403597385004307
SUNPHARMA,HDFCBANK,0.0669816619917574
SUNPHARMA,HDFCLIFE,0.15818347499913707
SUNPHARMA,HEROMOTOCO,0.22781456265578864
SUNPHARMA,HINDALCO,0.24848416395834588
SUNPHARMA,HINDUNILVR,0.06270568025210546
SUNPHARMA,ICICIBANK,0.19575346264086238
SUNPHARMA,INDUSINDBK,0.11016553704426874
SUNPHARMA,INFY,0.1485626035536775
SUNPHARMA,ITC,0.18826184449070602
SUNPHARMA,JSWSTEEL,0.25328305821138414
SUNPHARMA,KOTAKBANK,0.08726651566206228
SUNPHARMA,LT,0.16589754872094964
SUNPHARMA,M&M,0.2769216116011448
SUNPHARMA,MARUTI,0.1924536325824579
SUNPHARMA,NESTLEIND,0.16383448261956635
SUNPHARMA,NTPC,0.23313159637209221
SUNPHARMA,ONGC,0.22012062795816703
SUNPHARMA,POWERGRID,0.2514436618374939
SUNPHARMA,RELIANCE,0.2843937711853922
SUNPHARMA,SBILIFE,0.1473796182709912
SUNPHARMA,SBIN,0.10947958304980746
SUNPHARMA,SHRIRAMFIN,0.2010956624671436
SUNPHARMA,SUNPHARMA,1.0
SUNPHARMA,TATACONSUM,0.1638816980754225
SUNPHARMA,TATAMOTORS,0.2930390157417869
SUNPHARMA,TATASTEEL,0.2639797906312308
SUNPHARMA,TCS,0.13995925120636596
SUNPHARMA,TECHM,0.15745401054580255
SUNPHARMA,TITAN,0.22411717140223983
SUNPHARMA,TRENT,0.2632400806320338
SUNPHARMA,ULTRACEMCO,0.23611216824606632
SUNPHARMA,WIPRO,0.18864219009621408
TATACONSUM,ADANIENT,0.20511776152284766
TATACONSUM,ADANIPORTS,0.21933582319387548
TATACONSUM,APOLLOHOSP,0.09119015843941519
TATACONSUM,ASIANPAINT,0.2464639302954742
TATACONSUM,AXISBANK,0.14440302949116945
TATACONSUM,BAJAJ-AUTO,0.1903302860229272
TATACONSUM,BAJAJFINSV,0.28684149685270205
TATACONSUM,BAJFINANCE,0.22468738986632789
TATACONSUM,BEL,0.1737372883956756
TATACONSUM,BHARTIARTL,0.2502107819510715
TATACONSUM,BPCL,0.1563397552399824
TATACONSUM,BRITANNIA,0.4120245477349835
TATACONSUM,CIPLA,0.07337616180723276
TATACONSUM,COALINDIA,0.2058070687151045
TATACONSUM,DRREDDY,0.12386031335615975
TATACONSUM,EICHERMOT,0.17835264617592164
TATACONSUM,GRASIM,0.28367796921516164
TATACONSUM,HCLTECH,0.19627140483021494
TATACONSUM,HDFCBANK,0.10776417588626183
TATACONSUM,HDFCLIFE,0.20936642936203315
TATACONSUM,HEROMOTOCO,0.21952868925624427
TATACONSUM,HINDALCO,0.17543761313240158
TATACONSUM,HINDUNILVR,0.4260963181928589
TATACONSUM,ICICIBANK,0.11966856839880756
TATACONSUM,INDUSINDBK,0.2592555333280525
TATACONSUM,INFY,0.2612978804546594
TATACONSUM,ITC,0.31142345761910556
TATACONSUM,JSWSTEEL,0.22925481240881315
TATACONSUM,KOTAKBANK,0.1885587101878375
TATACONSUM,LT,0.16519192554798234
TATACONSUM,M&M,0.17377149049483429
TATACONSUM,MARUTI,0.19381573404070263
TATACONSUM,NESTLEIND,0.38458126082189753
TATACONSUM,NTPC,0.17947291807584986
TATACONSUM,ONGC,0.17473035308742613
TATACONSUM,POWERGRID,0.14584568935659484
TATACONSUM,RELIANCE,0.20058505011085864
TATACONSUM,SBILIFE,0.20781474261578434
TATACONSUM,SBIN,0.1117312423869241
TATACONSUM,SHRIRAMFIN,0.18221962214235524
TATACONSUM,SUNPHARMA,0.1638816980754225
TATACONSUM,TATACONSUM,1.0
TATACONSUM,TATAMOTORS,0.17216710078998687
TATACONSUM,TATASTEEL,0.22581773042410302
TATACONSUM,TCS,0.2663423465704624
TATACONSUM,TECHM,0.20939326392947843
TATACONSUM,TITAN,0.30513848550341693
TATACONSUM,TRENT,0.1812180667981331
TATACONSUM,ULTRACEMCO,0.24589799476901456
TATACONSUM,WIPRO,0.25394344264529356
TATAMOTORS,ADANIENT,0.331481346939946
TATAMOTORS,ADANIPORTS,0.3387521472639438
TATAMOTORS,APOLLOHOSP,0.20405393309036074
TATAMOTORS,ASIANPAINT,0.09850535090194437
TATAMOTORS,AXISBANK,0.23825063626228657
TATAMOTORS,BAJAJ-AUTO,0.30016542885525854
TATAMOTORS,BAJAJFINSV,0.2802459605327492
TATAMOTORS,BAJFINANCE,0.21025447523599758
TATAMOTORS,BEL,0.3683149386940777
TATAMOTORS,BHARTIARTL,0.26292912759769055
TATAMOTORS,BPCL,0.43862764515321223
TATAMOTORS,BRITANNIA,0.10033268106831629
TATAMOTORS,CIPLA,0.04697497784810307
TATAMOTORS,COALINDIA,0.40668575759298864
TATAMOTORS,DRREDDY,0.20593635881819466
TATAMOTORS,EICHERMOT,0.3150079176886855
TATAMOTORS,GRASIM,0.341549373450749
TATAMOTORS,HCLTECH,0.2528026225293107
TATAMOTORS,HDFCBANK,0.21610591295581796
TATAMOTORS,HDFCLIFE,0.21370781701902025
TATAMOTORS,HEROMOTOCO,0.29121173828141483
TATAMOTORS,HINDALCO,0.36912374641831375
TATAMOTORS,HINDUNILVR,0.08321609496437565
TATAMOTORS,ICICIBANK,0.20057761409631214
TATAMOTORS,INDUSINDBK,0.32509636834768135
TATAMOTORS,INFY,0.18638767214641727
TATAMOTORS,ITC,0.18986992769505245
TATAMOTORS,JSWSTEEL,0.4117819587574193
TATAMOTORS,KOTAKBANK,0.15574393311290724
TATAMOTORS,LT,0.3472757995549479
TATAMOTORS,M&M,0.4055735484073856
TATAMOTORS,MARUTI,0.3881695702797781
TATAMOTORS,NESTLEIND,0.1360180025899469
TATAMOTORS,NTPC,0.41372946998166965
TATAMOTORS,ONGC,0.44470858075803343
TATAMOTORS,POWERGRID,0.3602341040909858
TATAMOTORS,RELIANCE,0.3974992593691592
TATAMOTORS,SBILIFE,0.2255794435749063
TATAMOTORS,SBIN,0.37030352639115527
TATAMOTORS,SHRIRAMFIN,0.3543176765359673
TATAMOTORS,SUNPHARMA,0.2930390157417869
TATAMOTORS,TATACONSUM,0.17216710078998687
TATAMOTORS,TATAMOTORS,1.0
TATAMOTORS,TATASTEEL,0.5252664370994129
TATAMOTORS,TCS,0.24606584783139157
TATAMOTORS,TECHM,0.28351834220939565
TATAMOTORS,TITAN,0.26894770195838896
TATAMOTORS,TRENT,0.22077553911598735
TATAMOTORS,ULTRACEMCO,0.36221480543011614
TATAMOTORS,WIPRO,0.32183935437979705
TATASTEEL,ADANIENT,0.4271310224811417
TATASTEEL,ADANIPORTS,0.4618843663256481
TATASTEEL,APOLLOHOSP,0.2556783616355534
TATASTEEL,ASIANPAINT,0.28537975181045816
TATASTEEL,AXISBANK,0.3630857410477796
TATASTEEL,BAJAJ-AUTO,0.2917077000728768
TATASTEEL,BAJAJFINSV,0.46827161526205946
TATASTEEL,BAJFINANCE,0.3856340016790019
TATASTEEL,BEL,0.5179502049697191
TATASTEEL,BHARTIARTL,0.30945824630908964
TATASTEEL,BPCL,0.4705152658616929
TATASTEEL,BRITANNIA,0.11140673469486322
TATASTEEL,CIPLA,0.13100749793364683
TATASTEEL,COALINDIA,0.5309883724141503
TATASTEEL,DRREDDY,0.2047112428035664
TATASTEEL,EICHERMOT,0.3175748660214547
TATASTEEL,GRASIM,0.462222875649228
TATASTEEL,HCLTECH,0.26986525090483804
TATASTEEL,HDFCBANK,0.3874688207326238
TATASTEEL,HDFCLIFE,0.26387143409911
TATASTEEL,HEROMOTOCO,0.28204386013365884
TATASTEEL,HINDALCO,0.6257854555692554
TATASTEEL,HINDUNILVR,0.08596909885584585
TATASTEEL,ICICIBANK,0.3434525176393258
TATASTEEL,INDUSINDBK,0.41034692549455903
TATASTEEL,INFY,0.17778571483765854
TATASTEEL,ITC,0.24474875948942562
TATASTEEL,JSWSTEEL,0.7912607092694073
TATASTEEL,KOTAKBANK,0.2626996426271149
TATASTEEL,LT,0.4827795139912602
TATASTEEL,M&M,0.42245399966609043
TATASTEEL,MARUTI,0.3848009752151332
TATASTEEL,NESTLEIND,0.12606399171297938
TATASTEEL,NTPC,0.5352851246255527
TATASTEEL,ONGC,0.4965883085033832
TATASTEEL,POWERGRID,0.49929605948085065
TATASTEEL,RELIANCE,0.4462222344255992
TATASTEEL,SBILIFE,0.2279923173220543
TATASTEEL,SBIN,0.4824485197695521
TATASTEEL,SHRIRAMFIN,0.4544403845359589
TATASTEEL,SUNPHARMA,0.2639797906312308
TATASTEEL,TATACONSUM,0.22581773042410302
TATASTEEL,TATAMOTORS,0.5252664370994129
TATASTEEL,TATASTEEL,1.0
TATASTEEL,TCS,0.24249820849768633
TATASTEEL,TECHM,0.2806638775732845
TATASTEEL,TITAN,0.28700168086345534
TATASTEEL,TRENT,0.22020765845779594
TATASTEEL,ULTRACEMCO,0.48152027405953995
TATASTEEL,WIPRO,0.3277871398270484
TCS,ADANIENT,0.09985583656990787
TCS,ADANIPORTS,0.12581311424399413
TCS,APOLLOHOSP,0.09126879874703198
TCS,ASIANPAINT,0.14634385468023606
TCS,AXISBANK,0.10547940367355862
TCS,BAJAJ-AUTO,0.020969456973069497
TCS,BAJAJFINSV,0.22640838177797504
TCS,BAJFINANCE,0.1653059697592395
TCS,BEL,0.11854940748608389
TCS,BHARTIARTL,0.17881853510051499
TCS,BPCL,0.1823516218541681
TCS,BRITANNIA,0.11460504593917598
TCS,CIPLA,0.07668274534743684
TCS,COALINDIA,0.09537391352693222
TCS,DRREDDY,0.23449591740341824
TCS,EICHERMOT,0.13463461090365522
TCS,GRASIM,0.18179050004915873
TCS,HCLTECH,0.6410155709903059
TCS,HDFCBANK,0.02921629086608574
TCS,HDFCLIFE,0.11152037044490516
TCS,HEROMOTOCO,0.11823833997368759
TCS,HINDALCO,0.1621685951950921
TCS,HINDUNILVR,0.14899573304218328
TCS,ICICIBANK,0.1587208118682388
TCS,INDUSINDBK,0.07143761349538533
TCS,INFY,0.7198010793680663
TCS,ITC,0.16791659917977966
TCS,JSWSTEEL,0.20704498189616077
TCS,KOTAKBANK,0.09528668507142464
TCS,LT,0.20551645231726512
TCS,M&M,0.1759271750271649
TCS,MARUTI,0.1630854630608542
TCS,NESTLEIND,0.099721353715827
TCS,NTPC,0.10675456387537574
TCS,ONGC,0.1677951676272583
TCS,POWERGRID,0.10129494687648
TCS,RELIANCE,0.24215628323814206
TCS,SBILIFE,0.17029617765955662
TCS,SBIN,0.1589268527685387
TCS,SHRIRAMFIN,0.11909566588192665
TCS,SUNPHARMA,0.13995925120636596
TCS,TATACONSUM,0.2663423465704624
TCS,TATAMOTORS,0.24606584783139157
TCS,TATASTEEL,0.24249820849768633
TCS,TCS,1.0
TCS,TECHM,0.5760037849115326
TCS,TITAN,0.1320436565271536
TCS,TRENT,0.12106393667433396
TCS,ULTRACEMCO,0.24325037063811675
TCS,WIPRO,0.6016315848098871
TECHM,ADANIENT,0.1306593956563009
TECHM,ADANIPORTS,0.13686097379126272
TECHM,APOLLOHOSP,0.1452534191966699
TECHM,ASIANPAINT,0.14466090071636878
TECHM,AXISBANK,0.1295695736290648
TECHM,BAJAJ-AUTO,0.03722062621809216
TECHM,BAJAJFINSV,0.1857367078665075
TECHM,BAJFINANCE,0.14806928749802792
TECHM,BEL,0.21133629478003144
TECHM,BHARTIARTL,0.254081551722038
TECHM,BPCL,0.20072140592371798
TECHM,BRITANNIA,0.12880550791824708
TECHM,CIPLA,0.04027575589675137
TECHM,COALINDIA,0.17226349768630742
TECHM,DRREDDY,0.21450355123750353
TECHM,EICHERMOT,0.18424840551339752
TECHM,GRASIM,0.16133165536844643
TECHM,HCLTECH,0.5567052579213784
TECHM,HDFCBANK,0.1949306989691191
TECHM,HDFCLIFE,0.10071038878781227
TECHM,HEROMOTOCO,0.1082001304463572
TECHM,HINDALCO,0.22881177116039114
TECHM,HINDUNILVR,0.1350867940600765
TECHM,ICICIBANK,0.15327766791996647
TECHM,INDUSINDBK,0.1013515602318671
TECHM,INFY,0.6488543904338943
TECHM,ITC,0.2165145360535549
TECHM,JSWSTEEL,0.25645016100838625
TECHM,KOTAKBANK,0.15189047066208375
TECHM,LT,0.2002744896376089
TECHM,M&M,0.2116961302310621
TECHM,MARUTI,0.14264432463849575
TECHM,NESTLEIND,0.04987660469787258
TECHM,NTPC,0.1809088949273446
TECHM,ONGC,0.23255341665777407
TECHM,POWERGRID,0.14710787596934835
TECHM,RELIANCE,0.257508194614317
TECHM,SBILIFE,0.13764967671623482
TECHM,SBIN,0.17941678095014313
TECHM,SHRIRAMFIN,0.21690585784495256
TECHM,SUNPHARMA,0.15745401054580255
TECHM,TATACONSUM,0.20939326392947843
TECHM,TATAMOTORS,0.28351834220939565
TECHM,TATASTEEL,0.2806638775732845
TECHM,TCS,0.5760037849115326
TECHM,TECHM,1.0
TECHM,TITAN,0.22915239722910694
TECHM,TRENT,0.150184875043879
TECHM,ULTRACEMCO,0.26886678070563996
TECHM,WIPRO,0.5985383462853016
TITAN,ADANIENT,0.28002188465105876
TITAN,ADANIPORTS,0.2943412387696406
TITAN,APOLLOHOSP,0.24394191079259442
TITAN,ASIANPAINT,0.2898128801566486
TITAN,AXISBANK,0.14316508716035428
TITAN,BAJAJ-AUTO,0.19137031969372495
TITAN,BAJAJFINSV,0.2909673417647296
TITAN,BAJFINANCE,0.23802161814163977
TITAN,BEL,0.15425004891899793
TITAN,BHARTIARTL,0.27968411294010287
TITAN,BPCL,0.2686971160864237
TITAN,BRITANNIA,0.07085044579028398
TITAN,CIPLA,0.09991088504474183
TITAN,COALINDIA,0.2375606495022809
TITAN,DRREDDY,0.13442424502443379
TITAN,EICHERMOT,0.2677729685208449
TITAN,GRASIM,0.3598266405127468
TITAN,HCLTECH,0.19823504393651667
TITAN,HDFCBANK,0.17968306739280704
TITAN,HDFCLIFE,0.20053714722684707
TITAN,HEROMOTOCO,0.296751486111377
TITAN,HINDALCO,0.24489266426389383
TITAN,HINDUNILVR,0.1958437324561279
TITAN,ICICIBANK,0.13604380987365483
TITAN,INDUSINDBK,0.2353395120169488
TITAN,INFY,0.20503577282546617
TITAN,ITC,0.3178664514958113
TITAN,JSWSTEEL,0.3039396891415295
TITAN,KOTAKBANK,0.1459338892221789
TITAN,LT,0.21551749541157397
TITAN,M&M,0.2808123269572942
TITAN,MARUTI,0.3217252566661498
TITAN,NESTLEIND,0.24323392684228398
TITAN,NTPC,0.32941204839640503
TITAN,ONGC,0.19565156923837698
TITAN,POWERGRID,0.2061978477223116
TITAN,RELIANCE,0.33008315681179967
TITAN,SBILIFE,0.20012687851257355
TITAN,SBIN,0.20962952455354145
TITAN,SHRIRAMFIN,0.2541645233861577
TITAN,SUNPHARMA,0.22411717140223983
TITAN,TATACONSUM,0.30513848550341693
TITAN,TATAMOTORS,0.26894770195838896
TITAN,TATASTEEL,0.28700168086345534
TITAN,TCS,0.1320436565271536
TITAN,TECHM,0.22915239722910694
TITAN,TITAN,1.0
TITAN,TRENT,0.18867681330436067
TITAN,ULTRACEMCO,0.3528802659046294
TITAN,WIPRO,0.25544622448406146
TRENT,ADANIENT,0.19694304170808868
TRENT,ADANIPORTS,0.20398093810298568
TRENT,APOLLOHOSP,0.07921428151290028
TRENT,ASIANPAINT,0.23693936379364874
TRENT,AXISBANK,0.1785857922987433
TRENT,BAJAJ-AUTO,0.22177724720785982
TRENT,BAJAJFINSV,0.20269426353052214
TRENT,BAJFINANCE,0.23065729088421996
TRENT,BEL,0.26700389343915754
TRENT,BHARTIARTL,0.26115608120855033
TRENT,BPCL,0.21638414112607968
TRENT,BRITANNIA,0.034782783179312306
TRENT,CIPLA,0.12705410060339253
TRENT,COALINDIA,0.26671275024755237
TRENT,DRREDDY,0.17647350689606325
TRENT,EICHERMOT,0.23665777253640635
TRENT,GRASIM,0.23865322364741462
TRENT,HCLTECH,0.1985647348209641
TRENT,HDFCBANK,0.10966130918229429
TRENT,HDFCLIFE,0.2048945201245615
TRENT,HEROMOTOCO,0.2113102095506998
TRENT,HINDALCO,0.26875603601277004
TRENT,HINDUNILVR,0.08072210020267205
TRENT,ICICIBANK,0.1214328317289657
TRENT,INDUSINDBK,0.19039327520516353
TRENT,INFY,0.14848764453373928
TRENT,ITC,0.14786749877983243
TRENT,JSWSTEEL,0.2590067143792882
TRENT,KOTAKBANK,0.08452450260110975
TRENT,LT,0.17484645143931582
TRENT,M&M,0.26246050493955836
TRENT,MARUTI,0.18384522559373467
TRENT,NESTLEIND,0.15433616425293764
TRENT,NTPC,0.22844217591596108
TRENT,ONGC,0.21397712707157943
TRENT,POWERGRID,0.2020373994457426
TRENT,RELIANCE,0.2793607517037928
TRENT,SBILIFE,0.18136707033890853
TRENT,SBIN,0.26850313071609616
TRENT,SHRIRAMFIN,0.2164269381623819
TRENT,SUNPHARMA,0.2632400806320338
TRENT,TATACONSUM,0.1812180667981331
TRENT,TATAMOTORS,0.22077553911598735
TRENT,TATASTEEL,0.22020765845779594
TRENT,TCS,0.12106393667433396
TRENT,TECHM,0.150184875043879
TRENT,TITAN,0.18867681330436067
TRENT,TRENT,1.0
TRENT,ULTRACEMCO,0.29510466585384754
TRENT,WIPRO,0.1387993403252496
ULTRACEMCO,ADANIENT,0.3671471279637274
ULTRACEMCO,ADANIPORTS,0.40586733082947546
ULTRACEMCO,APOLLOHOSP,0.2651872727806193
ULTRACEMCO,ASIANPAINT,0.2722259392271034
ULTRACEMCO,AXISBANK,0.40327926659499513
ULTRACEMCO,BAJAJ-AUTO,0.2407457766964605
ULTRACEMCO,BAJAJFINSV,0.4779542919999371
ULTRACEMCO,BAJFINANCE,0.4446051379555671
ULTRACEMCO,BEL,0.44520790264030996
ULTRACEMCO,BHARTIARTL,0.3561888579415615
ULTRACEMCO,BPCL,0.39597771967276574
ULTRACEMCO,BRITANNIA,0.1890080849952887
ULTRACEMCO,CIPLA,0.11142357682262743
ULTRACEMCO,COALINDIA,0.32923529667402324
ULTRACEMCO,DRREDDY,0.2625529478894133
ULTRACEMCO,EICHERMOT,0.31413319643477694
ULTRACEMCO,GRASIM,0.5783327003391516
ULTRACEMCO,HCLTECH,0.21846012445165588
ULTRACEMCO,HDFCBANK,0.36389204125939845
ULTRACEMCO,HDFCLIFE,0.23886887317527383
ULTRACEMCO,HEROMOTOCO,0.26880901142707564
ULTRACEMCO,HINDALCO,0.3145337206260175
ULTRACEMCO,HINDUNILVR,0.1662257778830074
ULTRACEMCO,ICICIBANK,0.431129037656184
ULTRACEMCO,INDUSINDBK,0.3347031192086286
ULTRACEMCO,INFY,0.22957491451784937
ULTRACEMCO,ITC,0.2600376546902022
ULTRACEMCO,JSWSTEEL,0.5528052001585141
ULTRACEMCO,KOTAKBANK,0.3329841042443916
ULTRACEMCO,LT,0.46899921086111296
ULTRACEMCO,M&M,0.4285520537339766
ULTRACEMCO,MARUTI,0.35126944087222495
ULTRACEMCO,NESTLEIND,0.2781991728771273
ULTRACEMCO,NTPC,0.4553500130314093
ULTRACEMCO,ONGC,0.41010957392988734
ULTRACEMCO,POWERGRID,0.4047607278474467
ULTRACEMCO,RELIANCE,0.49107440654006584
ULTRACEMCO,SBILIFE,0.25742325089546325
ULTRACEMCO,SBIN,0.42538352858961037
ULTRACEMCO,SHRIRAMFIN,0.4873935600890192
ULTRACEMCO,SUNPHARMA,0.23611216824606632
ULTRACEMCO,TATACONSUM,0.24589799476901456
ULTRACEMCO,TATAMOTORS,0.36221480543011614
ULTRACEMCO,TATASTEEL,0.48152027405953995
ULTRACEMCO,TCS,0.24325037063811675
ULTRACEMCO,TECHM,0.26886678070563996
ULTRACEMCO,TITAN,0.3528802659046294
ULTRACEMCO,TRENT,0.29510466585384754
ULTRACEMCO,ULTRACEMCO,1.0
ULTRACEMCO,WIPRO,0.2965114495586189
WIPRO,ADANIENT,0.21723584075150768
WIPRO,ADANIPORTS,0.23386993725618205
WIPRO,APOLLOHOSP,0.2171245072140621
WIPRO,ASIANPAINT,0.131112185222203
WIPRO,AXISBANK,0.1959476250616662
WIPRO,BAJAJ-AUTO,0.11744982974709875
WIPRO,BAJAJFINSV,0.3152220046582632
WIPRO,BAJFINANCE,0.23435990733742224
WIPRO,BEL,0.25371282514585225
WIPRO,BHARTIARTL,0.24833223515647093
WIPRO,BPCL,0.21251992006447815
WIPRO,BRITANNIA,0.163832766639781
WIPRO,CIPLA,0.08206685037926997
WIPRO,COALINDIA,0.23454382249835498
WIPRO,DRREDDY,0.27374043935350884
WIPRO,EICHERMOT,0.2551733669750338
WIPRO,GRASIM,0.22770762354038285
WIPRO,HCLTECH,0.6040199240902965
WIPRO,HDFCBANK,0.18086739869080348
WIPRO,HDFCLIFE,0.18502911046847528
WIPRO,HEROMOTOCO,0.19851239180419006
WIPRO,HINDALCO,0.2515130167785724
WIPRO,HINDUNILVR,0.17834222323226168
WIPRO,ICICIBANK,0.21214826643203516
WIPRO,INDUSINDBK,0.19770075189042804
WIPRO,INFY,0.5734830249330916
WIPRO,ITC,0.22523796148425823
WIPRO,JSWSTEEL,0.35233166934026616
WIPRO,KOTAKBANK,0.234850418813616
WIPRO,LT,0.31593213059328035
WIPRO,M&M,0.29625595559142964
WIPRO,MARUTI,0.2030252929101188
WIPRO,NESTLEIND,0.1714304428091819
WIPRO,NTPC,0.19178593910206665
WIPRO,ONGC,0.2914899805220732
WIPRO,POWERGRID,0.1614369919576362
WIPRO,RELIANCE,0.35279921271513376
WIPRO,SBILIFE,0.24679674516852698
WIPRO,SBIN,0.23418562773008345
WIPRO,SHRIRAMFIN,0.3027737294181401
WIPRO,SUNPHARMA,0.18864219009621408
WIPRO,TATACONSUM,0.25394344264529356
WIPRO,TATAMOTORS,0.32183935437979705
WIPRO,TATASTEEL,0.3277871398270484
WIPRO,TCS,0.6016315848098871
WIPRO,TECHM,0.5985383462853016
WIPRO,TITAN,0.25544622448406146
WIPRO,TRENT,0.1387993403252496
WIPRO,ULTRACEMCO,0.2965114495586189
WIPRO,WIPRO,1.0
